Plate,Well,Class,G/N,Surface_nucleus,R/N,Nuclei,Eccentricity,CPD_ID,Concentration
EMT-Serie2-4-C1,O15,2,0.631918582,0.920103352,0.44283777,0.343071786,0.057437848,EC_6772302,3.23E-05
EMT-Serie2-4-C1,O16,2,0.72419009,0.998937774,0.201490298,0.182804674,0.527754381,EC_6772302,9.68E-06
EMT-Serie2-4-C1,O17,2,0.877761003,1.101011986,0.065668326,0.037145242,1.045564461,EC_6772302,2.90E-06
EMT-Serie2-4-C1,O18,2,0.949320317,1.451962966,0.095686359,0.087646077,0.696562967,EC_6772302,8.71E-07
EMT-Serie2-4-C1,O19,2,0.852239475,1.266618819,0.089048546,-0.029215359,0.720527102,EC_6772302,2.61E-07
EMT-Serie2-4-C1,O20,2,1.039953089,1.688093017,0.038293299,-0.072203673,0.858280125,EC_6772302,7.84E-08
EMT-Serie2-4-C1,O21,2,0.853219154,1.319615302,0.087201904,-0.079716194,0.801141149,EC_6772302,2.35E-08
EMT-Serie2-4-C1,O22,2,0.654575885,1.720103352,0.022435259,-0.063439065,0.225186795,EC_6772302,7.06E-09
EMT-Serie2-4-C1,O23,2,0.806408312,1.767185818,0.102204429,-0.10475793,0.334139383,EC_6772302,2.12E-09
EMT-Serie2-4-C1,O24,2,0.906242942,1.86938922,0.09948496,-0.313439065,0.1803831,EC_6772302,6.35E-10
EMT-Serie2-4-C2,O15,2,0.663031797,0.780374892,0.207349289,0.1255449,-0.212537034,EC_6772302,3.23E-05
EMT-Serie2-4-C2,O16,2,0.741341596,1.462851178,-0.047677902,-0.034001744,0.765788243,EC_6772302,9.68E-06
EMT-Serie2-4-C2,O17,2,1.050881839,1.586453653,0.091351623,-0.017436792,0.920692344,EC_6772302,2.90E-06
EMT-Serie2-4-C2,O18,2,0.97110129,1.623670555,-0.019115536,-0.060156931,1.216217059,EC_6772302,8.71E-07
EMT-Serie2-4-C2,O19,2,0.890108136,0.906171046,0.110718817,-0.033129904,1.458786839,EC_6772302,2.61E-07
EMT-Serie2-4-C2,O20,2,0.789006806,1.365300534,0.100597426,0.014385353,0.762794324,EC_6772302,7.84E-08
EMT-Serie2-4-C2,O21,2,0.794842253,1.26479977,0.014037716,-0.108979948,0.691002651,EC_6772302,2.35E-08
EMT-Serie2-4-C2,O22,2,0.82525587,1.595077081,0.097765163,-0.089363557,0.733073445,EC_6772302,7.06E-09
EMT-Serie2-4-C2,O23,2,0.665640425,1.089093632,0.0940454,-0.129468178,-0.112365508,EC_6772302,2.12E-09
EMT-Serie2-4-C2,O24,2,0.605638577,2.365285405,0.083341772,-0.24934612,-0.125806955,EC_6772302,6.35E-10
EMT-Serie2-4-C3,O15,2,0.663521372,1.234056349,0.319055255,0.247916667,0.198879404,EC_6772302,3.23E-05
EMT-Serie2-4-C3,O16,2,0.820288814,1.626244693,0.015143124,0.038333333,0.911964479,EC_6772302,9.68E-06
EMT-Serie2-4-C3,O17,2,1.083434824,1.664299498,-0.05042682,-0.08,0.928086265,EC_6772302,2.90E-06
EMT-Serie2-4-C3,O18,2,0.975434869,1.418510228,-0.049388766,-0.010833333,0.817215953,EC_6772302,8.71E-07
EMT-Serie2-4-C3,O19,2,0.62691059,1.007147819,0.195315128,0.162916667,0.478050585,EC_6772302,2.61E-07
EMT-Serie2-4-C3,O20,2,0.858417333,1.903589348,0.076317285,0.01625,0.500251077,EC_6772302,7.84E-08
EMT-Serie2-4-C3,O21,2,1.002413572,1.627680432,0.057161125,-0.0625,0.766339826,EC_6772302,2.35E-08
EMT-Serie2-4-C3,O22,2,0.674597152,1.336873794,0.056049131,0.004583333,0.194016439,EC_6772302,7.06E-09
EMT-Serie2-4-C3,O23,2,0.727477336,1.312836743,-0.022856041,-0.139583333,0.064777863,EC_6772302,2.12E-09
EMT-Serie2-4-C3,O24,2,0.627380719,2.326128908,0.099193623,-0.297916667,0.077199567,EC_6772302,6.35E-10
EMT-Serie2-4-C1,M15,2,0.373899642,0.271585445,0.849315444,0.678631052,-1.174459992,EC_27082048,3.23E-05
EMT-Serie2-4-C1,M16,2,0.506248927,0.467092514,0.517511361,0.40066778,-0.139057193,EC_27082048,9.68E-06
EMT-Serie2-4-C1,M17,2,0.759690094,1.206114979,0.136334127,0.175292154,0.201738894,EC_27082048,2.90E-06
EMT-Serie2-4-C1,M18,2,0.849749309,0.927983923,0.196166775,0.176961603,0.446080696,EC_27082048,8.71E-07
EMT-Serie2-4-C1,M19,2,0.7274355,1.413923778,-0.028555147,-0.008764608,0.55951637,EC_27082048,2.61E-07
EMT-Serie2-4-C1,M20,2,0.758678353,1.493160123,-0.000906009,-0.007095159,0.529764978,EC_27082048,7.84E-08
EMT-Serie2-4-C1,M21,2,0.938625785,1.839532046,-0.018369761,-0.085141903,0.972177693,EC_27082048,2.35E-08
EMT-Serie2-4-C1,M22,2,0.791780814,1.306107802,0.067100916,0.001252087,0.442439886,EC_27082048,7.06E-09
EMT-Serie2-4-C1,M23,2,0.697713821,1.543113472,-0.034725528,-0.002504174,-0.011520174,EC_27082048,2.12E-09
EMT-Serie2-4-C1,M24,2,0.755493505,1.720103352,0.073685349,-0.147746244,-0.136367341,EC_27082048,6.35E-10
EMT-Serie2-4-C2,M15,2,0.245958664,0.341033904,0.862453615,0.463818657,-1.527023234,EC_27082048,3.23E-05
EMT-Serie2-4-C2,M16,2,0.554620873,0.644336526,0.447361916,0.385353095,-0.208326836,EC_27082048,9.68E-06
EMT-Serie2-4-C2,M17,2,0.973781247,1.347297236,-0.039478935,-0.049694856,0.91523468,EC_27082048,2.90E-06
EMT-Serie2-4-C2,M18,2,0.820361295,1.304951663,0.140265476,0.165213601,0.289225012,EC_27082048,8.71E-07
EMT-Serie2-4-C2,M19,2,1.078581531,1.305299626,0.053169692,0.003051439,0.768251988,EC_27082048,2.61E-07
EMT-Serie2-4-C2,M20,2,1.048042238,1.276327932,-0.032987962,-0.031386225,0.831748012,EC_27082048,7.84E-08
EMT-Serie2-4-C2,M21,2,0.954393161,1.438645063,-0.114131827,-0.159982563,1.187930766,EC_27082048,2.35E-08
EMT-Serie2-4-C2,M22,2,0.768769556,1.131726652,2.98E-06,0.035309503,0.214876033,EC_27082048,7.06E-09
EMT-Serie2-4-C2,M23,2,0.895070644,1.858772447,0.052983554,-0.260244115,0.717729612,EC_27082048,2.12E-09
EMT-Serie2-4-C2,M24,2,0.625114977,2.003706561,0.065030348,-0.329991282,-0.180414782,EC_27082048,6.35E-10
EMT-Serie2-4-C3,M15,2,0.268781257,0.284631416,0.872551294,0.578333333,-1.362845892,EC_27082048,3.23E-05
EMT-Serie2-4-C3,M16,2,0.787616745,0.581675029,0.308236874,0.305,0.092951344,EC_27082048,9.68E-06
EMT-Serie2-4-C3,M17,2,1.008003287,1.405017368,0.176108224,0.056666667,0.320770674,EC_27082048,2.90E-06
EMT-Serie2-4-C3,M18,2,0.942814625,1.655962949,0.037172781,0.054583333,0.756798901,EC_27082048,8.71E-07
EMT-Serie2-4-C3,M19,2,0.937506247,1.315275955,-0.095556084,-0.026666667,1.05388905,EC_27082048,2.61E-07
EMT-Serie2-4-C3,M20,2,0.92820733,1.344098804,0.083251661,0.000416667,0.864286281,EC_27082048,7.84E-08
EMT-Serie2-4-C3,M21,2,0.93557761,1.565789271,0.046889317,0.055833333,0.773475698,EC_27082048,2.35E-08
EMT-Serie2-4-C3,M22,2,0.753045654,1.484832111,0.141761097,0.135833333,0.408938341,EC_27082048,7.06E-09
EMT-Serie2-4-C3,M23,2,0.907151503,1.626275569,-0.035530162,-0.177916667,0.51238206,EC_27082048,2.12E-09
EMT-Serie2-4-C3,M24,2,0.729831679,2.342956387,0.019272144,-0.139166667,-0.113539657,EC_27082048,6.35E-10
EMT-Serie2-1-C1,C05,2,0.206688565,-0.254792811,0.872310387,0.750906892,-1.403668049,EC_11190878,3.23E-05
EMT-Serie2-1-C1,C06,2,0.726902694,0.275994959,0.934148055,0.655380895,-0.035558686,EC_11190878,9.68E-06
EMT-Serie2-1-C1,C07,2,0.889415607,0.477984267,0.646433469,0.390165256,0.0446375,EC_11190878,2.90E-06
EMT-Serie2-1-C1,C08,2,0.92492003,1.122013287,0.151997767,0.111245466,0.814823511,EC_11190878,8.71E-07
EMT-Serie2-1-C1,C09,2,0.867758286,1.12042282,-0.055998964,-0.07980653,1.231170593,EC_11190878,2.61E-07
EMT-Serie2-1-C1,C10,2,1.318079637,1.079107381,0.046189134,0.040306328,1.101197464,EC_11190878,7.84E-08
EMT-Serie2-1-C1,C11,2,1.195591264,0.831569546,-0.040098274,-0.070536074,1.5647909,EC_11190878,2.35E-08
EMT-Serie2-1-C1,C12,2,1.049404348,0.935365869,0.109435911,0.088270859,0.815188751,EC_11190878,7.06E-09
EMT-Serie2-1-C1,C13,2,1.249327076,0.771535535,0.052495742,-0.049576784,1.460619342,EC_11190878,2.12E-09
EMT-Serie2-1-C1,C14,2,1.005116259,1.023453271,0.109020595,0.036275695,0.96433696,EC_11190878,6.35E-10
EMT-Serie2-1-C2,C05,2,0.181951627,-0.08197205,0.889507431,0.681265207,-1.563789596,EC_11190878,3.23E-05
EMT-Serie2-1-C2,C06,2,0.780941876,0.184304329,0.94880616,0.736415247,-0.19685081,EC_11190878,9.68E-06
EMT-Serie2-1-C2,C07,2,0.689190861,0.51156697,0.642909337,0.370640714,0.033235582,EC_11190878,2.90E-06
EMT-Serie2-1-C2,C08,2,0.881810385,0.850325764,0.050643008,0.100162206,0.760191276,EC_11190878,8.71E-07
EMT-Serie2-1-C2,C09,2,1.016055183,1.121158113,0.115797283,-0.050689376,1.039919685,EC_11190878,2.61E-07
EMT-Serie2-1-C2,C10,2,1.321366799,1.122338417,0.048666988,0.043390105,1.226678291,EC_11190878,7.84E-08
EMT-Serie2-1-C2,C11,2,1.318831396,1.342228884,0.002259105,-0.061232766,1.07260046,EC_11190878,2.35E-08
EMT-Serie2-1-C2,C12,2,1.2991918,1.078313111,0.064689903,0.043390105,1.117988957,EC_11190878,7.06E-09
EMT-Serie2-1-C2,C13,2,1.237193547,1.200238421,0.023440311,-0.092051906,1.388787615,EC_11190878,2.12E-09
EMT-Serie2-1-C2,C14,2,1.377995545,0.781856381,0.084433369,0.01297648,1.081635888,EC_11190878,6.35E-10
EMT-Serie2-1-C3,C05,2,0.167138784,-0.226418167,0.873713747,0.716059271,-1.485364389,EC_11190878,3.23E-05
EMT-Serie2-1-C3,C06,2,0.569131598,0.011075434,0.9607623,0.720064077,-0.296290071,EC_11190878,9.68E-06
EMT-Serie2-1-C3,C07,2,0.611356895,0.365117037,0.690080195,0.435322387,0.175627326,EC_11190878,2.90E-06
EMT-Serie2-1-C3,C08,2,0.935095612,0.93391968,0.208644178,0.167801362,0.633785568,EC_11190878,8.71E-07
EMT-Serie2-1-C3,C09,2,1.012119646,0.822083392,-0.039081112,-0.081297557,1.226725897,EC_11190878,2.61E-07
EMT-Serie2-1-C3,C10,2,1.204395774,1.172762809,0.148283971,0.048057669,0.913458999,EC_11190878,7.84E-08
EMT-Serie2-1-C3,C11,2,1.046016587,1.040253153,0.092035579,-0.015618742,1.044231,EC_11190878,2.35E-08
EMT-Serie2-1-C3,C12,2,1.21364777,1.363325422,-0.027883723,-0.032438927,0.867523112,EC_11190878,7.06E-09
EMT-Serie2-1-C3,C13,2,1.34264212,0.800839965,-0.024580011,-0.037244694,1.583071197,EC_11190878,2.12E-09
EMT-Serie2-1-C3,C14,2,0.908668917,1.092489181,0.122101737,0.060072087,0.801584824,EC_11190878,6.35E-10
EMT-Serie2-4-C1,I15,2,-0.053290261,-2.402153162,0.379988458,-0.747495826,-2.006004619,X-XEW670281,3.23E-05
EMT-Serie2-4-C1,I16,2,0.157639252,-1.99209072,0.574112385,-0.73706177,-1.350686048,X-XEW670281,9.68E-06
EMT-Serie2-4-C1,I17,2,0.459224337,-1.981640709,0.645958306,-0.768781302,-1.023149029,X-XEW670281,2.90E-06
EMT-Serie2-4-C1,I18,2,0.327003301,-1.516399914,0.583965953,-0.7721202,-2.213856813,X-XEW670281,8.71E-07
EMT-Serie2-4-C1,I19,2,0.776394511,-0.719672719,0.70268773,-0.768781302,-0.539410406,X-XEW670281,2.61E-07
EMT-Serie2-4-C1,I20,2,0.869606511,-0.539711476,0.787305778,-0.716611018,-0.405705747,X-XEW670281,7.84E-08
EMT-Serie2-4-C1,I21,2,0.673635093,1.306236991,0.32693645,-0.638146912,0.146148621,X-XEW670281,2.35E-08
EMT-Serie2-4-C1,I22,2,0.489426948,1.863073279,0.002152492,-0.541736227,-0.427550605,X-XEW670281,7.06E-09
EMT-Serie2-4-C1,I23,2,0.608773221,1.394114692,0.089094713,-0.171535893,-0.199701128,X-XEW670281,2.12E-09
EMT-Serie2-4-C1,I24,2,0.856649811,2.148008326,0.085604847,-0.195742905,-0.135389213,X-XEW670281,6.35E-10
EMT-Serie2-4-C2,I15,2,-0.050937544,-2.191697303,0.194858744,-0.879250218,-2.879806643,X-XEW670281,3.23E-05
EMT-Serie2-4-C2,I16,2,0.2339121,-3.305950166,0.407308189,-0.837401918,-2.249898643,X-XEW670281,9.68E-06
EMT-Serie2-4-C2,I17,2,0.379255155,-2.260790632,0.471267877,-0.873147341,-2.31364416,X-XEW670281,2.90E-06
EMT-Serie2-4-C2,I18,2,0.473366177,-2.408342032,0.487857904,-0.886224935,-2.292281304,X-XEW670281,8.71E-07
EMT-Serie2-4-C2,I19,2,1.00675594,-1.160335255,0.615287366,-0.879686138,-1.928145954,X-XEW670281,2.61E-07
EMT-Serie2-4-C2,I20,2,0.975330121,-1.115569071,0.749465414,-0.81255449,-0.437548729,X-XEW670281,7.84E-08
EMT-Serie2-4-C2,I21,2,0.920773105,-0.659677151,0.449655125,-0.81211857,-0.044908779,X-XEW670281,2.35E-08
EMT-Serie2-4-C2,I22,2,0.996464086,0.084252409,0.330994955,-0.761551874,-0.166287229,X-XEW670281,7.06E-09
EMT-Serie2-4-C2,I23,2,0.739789326,1.860436618,-0.059367313,-0.556669573,0.003960705,X-XEW670281,2.12E-09
EMT-Serie2-4-C2,I24,2,0.733305118,2.141227553,0.11941961,-0.389712293,-0.185123967,X-XEW670281,6.35E-10
EMT-Serie2-4-C3,I15,2,-0.053217048,-3.057491316,0.128075018,-0.782916667,-2.247218331,X-XEW670281,3.23E-05
EMT-Serie2-4-C3,I16,2,0.513657784,-2.622184485,0.334979819,-0.745,-1.857308983,X-XEW670281,9.68E-06
EMT-Serie2-4-C3,I17,2,0.54772543,-2.197684292,0.563399599,-0.779583333,-2.265243016,X-XEW670281,2.90E-06
EMT-Serie2-4-C3,I18,2,0.463483614,-2.350073331,0.598691994,-0.76625,-2.802864921,X-XEW670281,8.71E-07
EMT-Serie2-4-C3,I19,2,1.031087699,-1.288120417,0.516465338,-0.764583333,-0.967941433,X-XEW670281,2.61E-07
EMT-Serie2-4-C3,I20,2,1.2050648,-1.209864917,0.695449959,-0.728333333,-0.591616672,X-XEW670281,7.84E-08
EMT-Serie2-4-C3,I21,2,0.727436616,-0.138788113,0.467276644,-0.630416667,-0.054126913,X-XEW670281,2.35E-08
EMT-Serie2-4-C3,I22,2,1.207915184,0.153315322,0.326049073,-0.670416667,0.446203452,X-XEW670281,7.06E-09
EMT-Serie2-4-C3,I23,2,0.68983005,1.908220764,-0.050438418,-0.380833333,-0.085815472,X-XEW670281,2.12E-09
EMT-Serie2-4-C3,I24,2,0.651812585,1.734727904,0.133988738,-0.04875,-0.156407749,X-XEW670281,6.35E-10
EMT-Serie2-4-C1,K05,2,0.146328413,1.023756549,0.79609464,0.088063439,-0.953511751,EC_11190511,3.23E-05
EMT-Serie2-4-C1,K06,2,0.615406538,-0.398435369,0.484788285,0.342237062,-0.190816465,EC_11190511,9.68E-06
EMT-Serie2-4-C1,K07,2,0.727866558,0.766195364,0.210849023,0.152337229,0.056323869,EC_11190511,2.90E-06
EMT-Serie2-4-C1,K08,2,1.087080991,0.860977535,0.15544543,0.046744574,0.775927184,EC_11190511,8.71E-07
EMT-Serie2-4-C1,K09,2,0.971037127,1.556319529,0.040339032,0.046327212,0.652900421,EC_11190511,2.61E-07
EMT-Serie2-4-C1,K10,2,1.026169897,0.939194718,-0.059816778,-0.018781302,1.150061133,EC_11190511,7.84E-08
EMT-Serie2-4-C1,K11,2,0.893856237,1.228105936,0.033652168,0.111018364,0.649341122,EC_11190511,2.35E-08
EMT-Serie2-4-C1,K12,2,0.916709476,0.968405943,0.051814182,0.024624374,0.983969569,EC_11190511,7.06E-09
EMT-Serie2-4-C1,K13,2,1.074498351,1.358946386,0.030548943,0.007512521,1.199239234,EC_11190511,2.12E-09
EMT-Serie2-4-C1,K14,2,1.271460135,1.920634465,0.043248936,0.033806344,0.917212335,EC_11190511,6.35E-10
EMT-Serie2-4-C2,K05,2,0.126143822,2.000378221,0.734275137,-0.057977332,-1.347200998,EC_11190511,3.23E-05
EMT-Serie2-4-C2,K06,2,0.493650979,-0.047928108,0.510851049,0.330427201,-0.476469671,EC_11190511,9.68E-06
EMT-Serie2-4-C2,K07,2,0.896198332,0.701341927,0.002568692,0.007846556,0.199844067,EC_11190511,2.90E-06
EMT-Serie2-4-C2,K08,2,0.920253417,0.744776774,0.078274375,0.066259808,0.436581943,EC_11190511,8.71E-07
EMT-Serie2-4-C2,K09,2,0.887825586,1.414590236,0.070934617,-0.003051439,0.936940589,EC_11190511,2.61E-07
EMT-Serie2-4-C2,K10,2,1.021116982,1.227159261,-0.018177405,-0.095466434,1.251364416,EC_11190511,7.84E-08
EMT-Serie2-4-C2,K11,2,1.026500675,1.529417994,0.002184505,-0.017000872,0.961515671,EC_11190511,2.35E-08
EMT-Serie2-4-C2,K12,2,1.181370997,1.269595607,0.016688308,-0.013949433,1.321815063,EC_11190511,7.06E-09
EMT-Serie2-4-C2,K13,2,1.080908237,1.344210956,0.010602369,-0.009154316,1.144612506,EC_11190511,2.12E-09
EMT-Serie2-4-C2,K14,2,1.099759653,1.146053647,-0.014060052,-0.037925022,1.166630282,EC_11190511,6.35E-10
EMT-Serie2-4-C3,K05,2,0.084175924,1.663002702,0.715591981,-0.1675,-1.314744826,EC_11190511,3.23E-05
EMT-Serie2-4-C3,K06,2,0.649299065,-0.190382092,0.589397349,0.350833333,0.078256733,EC_11190511,9.68E-06
EMT-Serie2-4-C3,K07,2,0.783392994,0.759706677,0.133704578,0.12125,0.285699183,EC_11190511,2.90E-06
EMT-Serie2-4-C3,K08,2,0.834748037,1.030984176,0.01225368,0.007916667,0.497766736,EC_11190511,8.71E-07
EMT-Serie2-4-C3,K09,2,1.008436398,1.579343883,0.035363435,-0.0225,0.779660121,EC_11190511,2.61E-07
EMT-Serie2-4-C3,K10,2,0.991293371,1.308498649,0.027979622,0.039166667,0.851573856,EC_11190511,7.84E-08
EMT-Serie2-4-C3,K11,2,0.805218795,1.265843304,0.000488581,0.0825,0.928667706,EC_11190511,2.35E-08
EMT-Serie2-4-C3,K12,2,1.025212946,1.504145118,0.000453786,0.0575,0.947934561,EC_11190511,7.06E-09
EMT-Serie2-4-C3,K13,2,0.915162194,1.296333462,-0.014689338,0.079583333,1.051272564,EC_11190511,2.12E-09
EMT-Serie2-4-C3,K14,2,1.051384658,1.066923968,-0.038396409,0.006666667,1.455162936,EC_11190511,6.35E-10
EMT-Serie2-2-C1,K05,2,-0.046344855,0.011242676,-0.386793761,-0.172992409,-2.033605639,EC_11262380,3.23E-05
EMT-Serie2-2-C1,K06,2,0.540557378,-0.629011983,0.916949153,0.934478626,-0.261058441,EC_11262380,9.68E-06
EMT-Serie2-2-C1,K07,2,0.585092571,0.203533992,0.726085124,0.546943668,-0.089533073,EC_11262380,2.90E-06
EMT-Serie2-2-C1,K08,2,0.887691306,0.512631536,0.35895863,0.237714742,0.409141827,EC_11262380,8.71E-07
EMT-Serie2-2-C1,K09,2,0.915539789,1.0239249,0.114886473,0.141829804,0.567224939,EC_11262380,2.61E-07
EMT-Serie2-2-C1,K10,2,1.13214252,0.830903672,0.05288688,0.065521374,1.063987323,EC_11262380,7.84E-08
EMT-Serie2-2-C1,K11,2,0.947327063,1.054540662,0.088333285,0.112265282,1.147700882,EC_11262380,2.35E-08
EMT-Serie2-2-C1,K12,2,1.062810848,0.934409278,-0.000979737,0.141030763,0.782328352,EC_11262380,7.06E-09
EMT-Serie2-2-C1,K13,2,1.10076647,1.308793415,0.01238044,-0.015980823,1.161744215,EC_11262380,2.12E-09
EMT-Serie2-2-C1,K14,2,1.184046162,1.018045052,0.007522458,0.071514183,1.459522964,EC_11262380,6.35E-10
EMT-Serie2-2-C2,K05,2,-0.046675059,-0.180838033,-0.298813193,-0.313781788,-2.687218966,EC_11262380,3.23E-05
EMT-Serie2-2-C2,K06,2,0.684927196,-0.999735149,0.936180142,1.060705496,-0.167219907,EC_11262380,9.68E-06
EMT-Serie2-2-C2,K07,2,0.531781462,-0.169217696,0.768778067,0.651763741,-0.233232102,EC_11262380,2.90E-06
EMT-Serie2-2-C2,K08,2,0.668919161,0.421455135,0.24401357,0.280147662,0.252089366,EC_11262380,8.71E-07
EMT-Serie2-2-C2,K09,2,1.148654565,1.196541488,0.052773361,0.067678425,0.743437625,EC_11262380,2.61E-07
EMT-Serie2-2-C2,K10,2,0.890663581,0.794619111,0.018124862,0.00369155,0.985380323,EC_11262380,7.84E-08
EMT-Serie2-2-C2,K11,2,0.980314231,1.19852787,0.012238334,0.000820345,0.835087224,EC_11262380,2.35E-08
EMT-Serie2-2-C2,K12,2,1.11972264,1.034320271,0.029882549,0.015996719,0.960755232,EC_11262380,7.06E-09
EMT-Serie2-2-C2,K13,2,1.170117958,1.422106227,0.111638643,0.041837572,0.87868729,EC_11262380,2.12E-09
EMT-Serie2-2-C2,K14,2,1.271769138,1.045024664,0.046428541,0.026251025,1.128351814,EC_11262380,6.35E-10
EMT-Serie2-2-C3,K05,2,-0.037786361,-0.296474229,-0.297708245,-0.236127987,-2.524957857,EC_11262380,3.23E-05
EMT-Serie2-2-C3,K06,2,0.561766113,-0.938226837,0.908543036,0.962737951,-0.262619404,EC_11262380,9.68E-06
EMT-Serie2-2-C3,K07,2,0.437095958,0.079453985,0.771145041,0.652085865,-0.061013298,EC_11262380,2.90E-06
EMT-Serie2-2-C3,K08,2,0.795445134,0.529512305,0.184855433,0.218307007,0.219001686,EC_11262380,8.71E-07
EMT-Serie2-2-C3,K09,2,0.958354689,0.976960654,0.036534562,0.078574322,0.778165387,EC_11262380,2.61E-07
EMT-Serie2-2-C3,K10,2,0.9361572,0.902830548,-0.090354502,-0.021871203,1.219938191,EC_11262380,7.84E-08
EMT-Serie2-2-C3,K11,2,1.223382536,0.743968773,-0.082535523,0.089509923,1.560498221,EC_11262380,2.35E-08
EMT-Serie2-2-C3,K12,2,0.85777529,0.788881062,-0.015366175,0.05346294,0.899934445,EC_11262380,7.06E-09
EMT-Serie2-2-C3,K13,2,0.949918658,0.811851116,0.077283846,0.100850547,1.145205095,EC_11262380,2.12E-09
EMT-Serie2-2-C3,K14,2,1.11166994,1.105045559,-0.018838024,0.051437829,1.31513392,EC_11262380,6.35E-10
EMT-Serie2-4-C1,D05,2,0.040375598,0.998363597,-0.135621438,0.217445743,-2.159271838,EC_11257142,3.23E-05
EMT-Serie2-4-C1,D06,2,0.556073618,0.020541161,0.635983553,0.254173623,-0.425268306,EC_11257142,9.68E-06
EMT-Serie2-4-C1,D07,2,0.99421455,0.887834637,0.131006276,0.164440735,0.622225241,EC_11257142,2.90E-06
EMT-Serie2-4-C1,D08,2,0.876467826,0.55739611,0.04070836,0.061352254,0.927319658,EC_11257142,8.71E-07
EMT-Serie2-4-C1,D09,2,1.393734757,1.759721524,0.035770035,0.043823038,1.064067382,EC_11257142,2.61E-07
EMT-Serie2-4-C1,D10,2,1.161223095,1.251718941,0.049621294,0.042153589,1.033881266,EC_11257142,7.84E-08
EMT-Serie2-4-C1,D11,2,1.223527115,1.417655925,0.026479117,0.040066778,0.980817824,EC_11257142,2.35E-08
EMT-Serie2-4-C1,D12,2,1.152609045,0.860159334,0.019564308,0.024624374,0.940578726,EC_11257142,7.06E-09
EMT-Serie2-4-C1,D13,2,1.025738838,0.956836288,0.037530116,0.04048414,0.954707241,EC_11257142,2.12E-09
EMT-Serie2-4-C1,D14,2,0.95548695,0.953247685,0.164392989,0.08639399,0.594348594,EC_11257142,6.35E-10
EMT-Serie2-4-C2,D05,2,0.073776288,0.602535591,-0.323080405,-0.047951177,-1.729331046,EC_11257142,3.23E-05
EMT-Serie2-4-C2,D06,2,0.496898178,0.093602021,0.639602828,0.309938971,-0.532605645,EC_11257142,9.68E-06
EMT-Serie2-4-C2,D07,2,0.771629537,0.861586408,0.286803028,0.122057541,0.296740995,EC_11257142,2.90E-06
EMT-Serie2-4-C2,D08,2,1.049278619,0.925959546,0.01121141,-0.028770706,1.009511929,EC_11257142,8.71E-07
EMT-Serie2-4-C2,D09,2,1.330528152,1.593564199,-0.007033004,-0.096774194,1.245501325,EC_11257142,2.61E-07
EMT-Serie2-4-C2,D10,2,1.179377163,1.296948517,-0.02585221,-0.069747167,1.294682676,EC_11257142,7.84E-08
EMT-Serie2-4-C2,D11,2,1.226159243,1.608844309,-0.002172592,-0.08238884,1.312958054,EC_11257142,2.35E-08
EMT-Serie2-4-C2,D12,2,1.171568261,0.933569343,-0.026833525,-0.136442895,1.225635428,EC_11257142,7.06E-09
EMT-Serie2-4-C2,D13,2,1.172020016,1.583881753,0.07439081,-0.016129032,0.990924684,EC_11257142,2.12E-09
EMT-Serie2-4-C2,D14,2,1.125411165,1.226069986,0.018111885,-0.177855275,1.383970061,EC_11257142,6.35E-10
EMT-Serie2-4-C3,D05,2,0.119283406,0.253168661,-0.210859845,-0.015833333,-1.203927373,EC_11257142,3.23E-05
EMT-Serie2-4-C3,D06,2,0.489333269,0.069548437,0.641355154,0.42125,-0.522768718,EC_11257142,9.68E-06
EMT-Serie2-4-C3,D07,2,0.925490211,1.193685836,0.292329707,0.182083333,0.592356688,EC_11257142,2.90E-06
EMT-Serie2-4-C3,D08,2,1.14687994,1.320046314,0.038979227,0.086666667,0.909004414,EC_11257142,8.71E-07
EMT-Serie2-4-C3,D09,2,1.02748585,1.001142416,0.063421346,0.1525,0.886460343,EC_11257142,2.61E-07
EMT-Serie2-4-C3,D10,2,1.024265286,0.84571208,0.017868741,0.0375,1.075719534,EC_11257142,7.84E-08
EMT-Serie2-4-C3,D11,2,1.061616427,1.208537244,0.078231016,0.114166667,0.87121072,EC_11257142,2.35E-08
EMT-Serie2-4-C3,D12,2,1.361695275,1.88722501,0.103595205,0.001666667,0.941353701,EC_11257142,7.06E-09
EMT-Serie2-4-C3,D13,2,0.979203299,1.517113084,0.01816015,0.070833333,0.891138304,EC_11257142,2.12E-09
EMT-Serie2-4-C3,D14,2,1.145580609,0.983620224,-0.017580232,-0.010833333,1.142136004,EC_11257142,6.35E-10
EMT-Serie2-4-C1,P15,2,0.379008223,1.045747506,0.34253769,0.264190317,-2.143703301,X-WE60667960,3.23E-05
EMT-Serie2-4-C1,P16,2,0.525472009,1.004535994,0.230271947,-0.01836394,-0.105719332,X-WE60667960,9.68E-06
EMT-Serie2-4-C1,P17,2,0.666225158,1.443493863,-0.020100988,-0.048831386,-0.017280261,X-WE60667960,2.90E-06
EMT-Serie2-4-C1,P18,2,0.679131983,0.919270796,0.058114405,0.052587646,0.134139383,X-WE60667960,8.71E-07
EMT-Serie2-4-C1,P19,2,0.852656284,1.654360152,0.051791099,0.041736227,0.037168863,X-WE60667960,2.61E-07
EMT-Serie2-4-C1,P20,2,0.628997357,1.108418862,0.153052009,0.098497496,-0.025567178,X-WE60667960,7.84E-08
EMT-Serie2-4-C1,P21,2,0.731079905,1.499188976,0.031531415,0.021285476,-0.069311235,X-WE60667960,2.35E-08
EMT-Serie2-4-C1,P22,2,0.705903937,1.257518122,0.190359951,0.162353923,-0.40986279,X-WE60667960,7.06E-09
EMT-Serie2-4-C1,P23,2,1.000765931,2.874054403,0.101056048,-0.183639399,0.035158267,X-WE60667960,2.12E-09
EMT-Serie2-4-C1,P24,2,0.907058747,2.172267279,0.189947342,-0.401085142,0.31531042,X-WE60667960,6.35E-10
EMT-Serie2-4-C2,P15,2,0.394210611,0.921950408,0.393093271,0.147340889,-2.602993919,X-WE60667960,3.23E-05
EMT-Serie2-4-C2,P16,2,0.498246649,0.526725064,0.164451387,0.064952049,0.019554031,X-WE60667960,9.68E-06
EMT-Serie2-4-C2,P17,2,0.435982631,1.896594502,0.276988391,0.211857018,0.044596913,X-WE60667960,2.90E-06
EMT-Serie2-4-C2,P18,2,0.506942076,0.733838636,0.002912673,-0.007846556,0.073943552,X-WE60667960,8.71E-07
EMT-Serie2-4-C2,P19,2,0.711865455,0.979409673,0.134822827,0.013949433,0.140745361,X-WE60667960,2.61E-07
EMT-Serie2-4-C2,P20,2,0.666136336,1.471474606,0.034746586,-0.049258936,-0.177452051,X-WE60667960,7.84E-08
EMT-Serie2-4-C2,P21,2,0.785070087,1.587815247,-0.033943962,-0.153007847,0.272134726,X-WE60667960,2.35E-08
EMT-Serie2-4-C2,P22,2,0.702188395,0.831495181,0.005743446,0.018308631,-0.392203337,X-WE60667960,7.06E-09
EMT-Serie2-4-C2,P23,2,0.695459628,2.153028034,0.044276805,-0.135135135,-0.425198815,X-WE60667960,2.12E-09
EMT-Serie2-4-C2,P24,2,0.939305235,2.194329718,0.105438479,-0.445945946,0.494589116,X-WE60667960,6.35E-10
EMT-Serie2-4-C3,P15,2,0.24659157,1.274303358,0.388904998,0.162916667,-2.358088643,X-WE60667960,3.23E-05
EMT-Serie2-4-C3,P16,2,0.438670462,0.272419915,0.112302683,0.13625,-0.328091551,X-WE60667960,9.68E-06
EMT-Serie2-4-C3,P17,2,0.441868816,1.324816673,0.21275038,0.1825,-0.077807437,X-WE60667960,2.90E-06
EMT-Serie2-4-C3,P18,2,0.464194359,1.075878039,0.020771234,0.121666667,-0.31463911,X-WE60667960,8.71E-07
EMT-Serie2-4-C3,P19,2,0.554906918,1.018463914,0.068398497,0.29875,-0.217829109,X-WE60667960,2.61E-07
EMT-Serie2-4-C3,P20,2,0.786954124,1.925665766,-0.02535259,-0.129166667,0.180801861,X-WE60667960,7.84E-08
EMT-Serie2-4-C3,P21,2,0.629098353,1.404677731,0.053506188,-0.056666667,0.204033089,X-WE60667960,2.35E-08
EMT-Serie2-4-C3,P22,2,0.636609301,1.919490544,-0.026196372,-0.064166667,-0.260380051,X-WE60667960,7.06E-09
EMT-Serie2-4-C3,P23,2,0.68686491,1.909455809,0.041046637,-0.153333333,-0.057615561,X-WE60667960,2.12E-09
EMT-Serie2-4-C3,P24,2,0.867742162,1.924430722,0.074561582,-0.37,0.605333404,X-WE60667960,6.35E-10
EMT-Serie2-1-C1,J15,2,0.369945525,-0.334206051,0.828095356,0.33051189,-0.991599489,EC_11261632,3.23E-05
EMT-Serie2-1-C1,J16,2,0.720250802,-0.229785776,0.897759313,0.598952035,0.050090005,EC_11261632,9.68E-06
EMT-Serie2-1-C1,J17,2,0.892113339,0.292291129,0.413687647,0.240225715,0.239231953,EC_11261632,2.90E-06
EMT-Serie2-1-C1,J18,2,1.068118688,0.838959101,0.111241459,0.077791213,0.938248415,EC_11261632,8.71E-07
EMT-Serie2-1-C1,J19,2,0.784886963,0.839583053,0.065539109,0.085449416,0.778769142,EC_11261632,2.61E-07
EMT-Serie2-1-C1,J20,2,1.153031233,0.78235071,-0.00943227,-0.062877872,1.312358144,EC_11261632,7.84E-08
EMT-Serie2-1-C1,J21,2,1.180563196,0.947172027,0.051891646,0.016122531,1.011609402,EC_11261632,2.35E-08
EMT-Serie2-1-C1,J22,2,1.015303501,1.129843278,0.143812795,0.10197501,0.679502231,EC_11261632,7.06E-09
EMT-Serie2-1-C1,J23,2,0.989710886,0.861262341,0.13388565,0.089480048,0.779917038,EC_11261632,2.12E-09
EMT-Serie2-1-C1,J24,2,0.665247244,0.858937813,0.198193643,0.196694881,0.119172471,EC_11261632,6.35E-10
EMT-Serie2-1-C2,J15,2,0.361135292,-0.290696851,0.903162469,0.315085158,-1.160286386,EC_11261632,3.23E-05
EMT-Serie2-1-C2,J16,2,0.586800399,-0.148977858,0.814955557,0.519059205,0.129745581,EC_11261632,9.68E-06
EMT-Serie2-1-C2,J17,2,0.861413368,0.275848638,0.449462974,0.321978913,0.536841827,EC_11261632,2.90E-06
EMT-Serie2-1-C2,J18,2,1.107351034,0.983463954,0.111351587,0.065693431,0.99273467,EC_11261632,8.71E-07
EMT-Serie2-1-C2,J19,2,1.197786341,0.933005996,0.057650419,0.106650446,1.023856701,EC_11261632,2.61E-07
EMT-Serie2-1-C2,J20,2,1.103983534,2.048050139,-0.050274858,-0.048256285,1.227655808,EC_11261632,7.84E-08
EMT-Serie2-1-C2,J21,2,0.855019743,0.799856003,0.034691214,0.04785077,0.91160075,EC_11261632,2.35E-08
EMT-Serie2-1-C2,J22,2,1.05480098,0.868160144,-0.035798454,-0.113949716,1.280388893,EC_11261632,7.06E-09
EMT-Serie2-1-C2,J23,2,0.861630282,0.891884236,0.050393391,-0.025547445,0.89751922,EC_11261632,2.12E-09
EMT-Serie2-1-C2,J24,2,1.125450896,1.1008569,-0.018017063,-0.169099757,0.759742147,EC_11261632,6.35E-10
EMT-Serie2-1-C3,J15,2,0.483885301,-0.122748848,0.906346818,0.378053664,-0.983287309,EC_11261632,3.23E-05
EMT-Serie2-1-C3,J16,2,0.651525846,-0.062124808,0.864553391,0.584301161,0.12844279,EC_11261632,9.68E-06
EMT-Serie2-1-C3,J17,2,0.709215861,0.488529015,0.411227588,0.376051262,0.299651819,EC_11261632,2.90E-06
EMT-Serie2-1-C3,J18,2,0.954679263,1.045488389,0.131775197,0.162995595,0.713218874,EC_11261632,8.71E-07
EMT-Serie2-1-C3,J19,2,1.048338167,0.827016148,0.195355229,0.227873448,0.770032417,EC_11261632,2.61E-07
EMT-Serie2-1-C3,J20,2,0.919403104,0.518009214,0.046861543,0.085302363,0.630976108,EC_11261632,7.84E-08
EMT-Serie2-1-C3,J21,2,1.051745647,1.659523477,0.044712662,0.058470164,0.813158843,EC_11261632,2.35E-08
EMT-Serie2-1-C3,J22,2,0.944194708,0.761261576,-0.015853065,-0.044453344,0.983911634,EC_11261632,7.06E-09
EMT-Serie2-1-C3,J23,2,0.955537374,1.44197031,0.003793048,-0.025230276,0.834025693,EC_11261632,2.12E-09
EMT-Serie2-1-C3,J24,2,1.183114624,1.261180139,0.078947957,-0.118942731,0.792604154,EC_11261632,6.35E-10
EMT-Serie2-4-C1,N15,2,-0.020492497,1.530338046,0.10621799,-0.114774624,-3.828854775,EC_27084143,3.23E-05
EMT-Serie2-4-C1,N16,2,0.467581889,0.007277686,0.836104739,0.644407346,-0.812742834,EC_27084143,9.68E-06
EMT-Serie2-4-C1,N17,2,0.592891734,0.529936123,0.700253913,0.522537563,-0.291482136,EC_27084143,2.90E-06
EMT-Serie2-4-C1,N18,2,0.425213445,0.717261178,0.619834091,0.410267112,-0.374568673,EC_27084143,8.71E-07
EMT-Serie2-4-C1,N19,2,0.585805984,0.642187612,0.461275337,0.368530885,0.413829643,EC_27084143,2.61E-07
EMT-Serie2-4-C1,N20,2,0.529515412,0.613651044,0.292190724,0.21327212,0.360874881,EC_27084143,7.84E-08
EMT-Serie2-4-C1,N21,2,0.790487638,1.21972296,0.132008945,0.111435726,0.413286238,EC_27084143,2.35E-08
EMT-Serie2-4-C1,N22,2,0.532885507,0.652077801,0.426730145,0.24624374,0.013802472,EC_27084143,7.06E-09
EMT-Serie2-4-C1,N23,2,0.811189145,1.737902821,0.04959244,-0.098080134,-0.039070778,EC_27084143,2.12E-09
EMT-Serie2-4-C1,N24,2,0.655224254,1.782257949,0.080258241,-0.110601002,-0.122592039,EC_27084143,6.35E-10
EMT-Serie2-4-C2,N15,2,-0.033125164,1.766032769,0.274760702,-0.341761116,-4.361110245,EC_27084143,3.23E-05
EMT-Serie2-4-C2,N16,2,0.412494786,0.302062058,0.841344178,0.571926765,-0.990675191,EC_27084143,9.68E-06
EMT-Serie2-4-C2,N17,2,0.507081339,0.309217991,0.621994258,0.404533566,-0.418493685,EC_27084143,2.90E-06
EMT-Serie2-4-C2,N18,2,0.433822361,0.267053965,0.695621162,0.393635571,-0.445626072,EC_27084143,8.71E-07
EMT-Serie2-4-C2,N19,2,0.530895262,0.664427601,0.312445276,0.148648649,-0.023296429,EC_27084143,2.61E-07
EMT-Serie2-4-C2,N20,2,0.626378531,0.611098504,0.251909022,0.100697472,-0.022641509,EC_27084143,7.84E-08
EMT-Serie2-4-C2,N21,2,0.699946605,0.854294316,0.28769053,0.12423714,0.417495712,EC_27084143,2.35E-08
EMT-Serie2-4-C2,N22,2,0.452490357,0.497859272,0.274790484,0.190496949,-0.24908779,EC_27084143,7.06E-09
EMT-Serie2-4-C2,N23,2,0.597425474,1.974659223,0.071157981,-0.04141238,-0.246343365,EC_27084143,2.12E-09
EMT-Serie2-4-C2,N24,2,0.608318535,1.541218475,0.070864629,-0.244115083,-0.291127397,EC_27084143,6.35E-10
EMT-Serie2-4-C3,N15,2,-0.050608316,2.444384408,0.19828721,-0.34875,-3.317810609,EC_27084143,3.23E-05
EMT-Serie2-4-C3,N16,2,0.458645364,-0.200787341,0.818456489,0.575416667,-0.784020932,EC_27084143,9.68E-06
EMT-Serie2-4-C3,N17,2,0.528168832,0.397637978,0.564141894,0.457916667,-0.22092132,EC_27084143,2.90E-06
EMT-Serie2-4-C3,N18,2,0.539655511,0.158193748,0.560453612,0.414583333,-0.178581811,EC_27084143,8.71E-07
EMT-Serie2-4-C3,N19,2,0.555502908,0.814959475,0.425200652,0.26875,0.18302191,EC_27084143,2.61E-07
EMT-Serie2-4-C3,N20,2,0.594941863,0.396835199,0.286153574,0.282916667,0.171551656,EC_27084143,7.84E-08
EMT-Serie2-4-C3,N21,2,0.691621721,0.794257044,0.142423654,0.044583333,0.390728652,EC_27084143,2.35E-08
EMT-Serie2-4-C3,N22,2,0.660056489,0.520833655,0.469451339,0.251666667,0.129476438,EC_27084143,7.06E-09
EMT-Serie2-4-C3,N23,2,0.722768649,1.581705905,0.068752247,-0.0125,0.256891403,EC_27084143,2.12E-09
EMT-Serie2-4-C3,N24,2,0.609149364,1.486931687,0.134575906,-0.0775,-0.243888258,EC_27084143,6.35E-10
EMT-Serie2-3-C1,D15,2,0.543761305,0.033015305,0.911086826,0.685294118,-0.471743876,EC_11188057,3.23E-05
EMT-Serie2-3-C1,D16,2,0.041290571,-0.64526734,0.260830571,0.835714286,-0.76092651,EC_11188057,9.68E-06
EMT-Serie2-3-C1,D17,2,0.528994938,-0.066338379,0.969185063,0.762184874,-0.301697793,EC_11188057,2.90E-06
EMT-Serie2-3-C1,D18,2,0.658180668,0.35744663,0.739734433,0.365966387,-0.214504002,EC_11188057,8.71E-07
EMT-Serie2-3-C1,D19,2,0.871929828,0.769214627,0.385861146,0.234033613,0.398835799,EC_11188057,2.61E-07
EMT-Serie2-3-C1,D20,2,0.931916239,0.886418959,-0.054223304,-0.053781513,1.078995877,EC_11188057,7.84E-08
EMT-Serie2-3-C1,D21,2,0.806859115,0.495677233,-0.012781984,-0.000840336,0.884816881,EC_11188057,2.35E-08
EMT-Serie2-3-C1,D22,2,0.887405147,1.049606894,-0.027489276,-0.033193277,0.814115935,EC_11188057,7.06E-09
EMT-Serie2-3-C1,D23,2,0.901257522,1.655032036,-0.006589816,-0.124789916,0.74533107,EC_11188057,2.12E-09
EMT-Serie2-3-C1,D24,2,0.762344547,1.495691223,-0.002122702,-0.082352941,0.016856658,EC_11188057,6.35E-10
EMT-Serie2-3-C2,D15,2,0.10039744,-0.802478108,0.54784811,0.880726016,-1.307430545,EC_11188057,3.23E-05
EMT-Serie2-3-C2,D16,2,0.06259516,-0.803991184,0.235329167,0.775280899,-0.862969171,EC_11188057,9.68E-06
EMT-Serie2-3-C2,D17,2,0.559411379,-0.315780068,0.95669016,0.781331029,-0.333206359,EC_11188057,2.90E-06
EMT-Serie2-3-C2,D18,2,0.429371829,0.199344731,0.800891243,0.420051858,-0.249657169,EC_11188057,8.71E-07
EMT-Serie2-3-C2,D19,2,0.745221909,0.900637398,0.362573722,0.192307692,0.544771192,EC_11188057,2.61E-07
EMT-Serie2-3-C2,D20,2,0.758775319,0.923988801,-0.014613541,0.027225583,0.742191071,EC_11188057,7.84E-08
EMT-Serie2-3-C2,D21,2,0.813179466,1.353845237,0.12487599,0.060933449,0.599497181,EC_11188057,2.35E-08
EMT-Serie2-3-C2,D22,2,0.845768733,1.146541967,0.004947077,-0.105445117,0.824546701,EC_11188057,7.06E-09
EMT-Serie2-3-C2,D23,2,0.754810901,1.330255555,-0.031326559,-0.138288678,0.802859465,EC_11188057,2.12E-09
EMT-Serie2-3-C2,D24,2,0.834026678,1.431286114,-0.108673057,-0.258859118,0.53136269,EC_11188057,6.35E-10
EMT-Serie2-3-C3,D15,2,-0.022673937,-0.283510514,0.089736362,0.631294216,-1.92263086,EC_11188057,3.23E-05
EMT-Serie2-3-C3,D16,2,0.050417686,-1.037603787,0.345895012,0.749479817,-1.027061158,EC_11188057,9.68E-06
EMT-Serie2-3-C3,D17,2,0.444728285,-0.130938155,0.949606267,0.754057428,-0.548027113,EC_11188057,2.90E-06
EMT-Serie2-3-C3,D18,2,0.510472644,0.07115698,0.772883539,0.443612151,-0.163062808,EC_11188057,8.71E-07
EMT-Serie2-3-C3,D19,2,0.704487542,1.399068829,0.41872101,0.262588431,0.400298961,EC_11188057,2.61E-07
EMT-Serie2-3-C3,D20,2,0.972306522,1.230806239,-0.064691381,-0.12068248,1.127728667,EC_11188057,7.84E-08
EMT-Serie2-3-C3,D21,2,0.825301321,0.758624971,-0.070829585,0.037037037,0.728563697,EC_11188057,2.35E-08
EMT-Serie2-3-C3,D22,2,1.003121849,1.026724606,-0.024428678,-0.065334998,0.54158398,EC_11188057,7.06E-09
EMT-Serie2-3-C3,D23,2,1.038728769,1.214495228,-0.029300686,-0.124843945,1.11432695,EC_11188057,2.12E-09
EMT-Serie2-3-C3,D24,2,0.726012246,1.15320866,0.040433574,-0.10528506,0.255611969,EC_11188057,6.35E-10
EMT-Serie2-2-C1,N05,2,-0.025863394,-0.508708258,-0.147649504,-0.049940072,-1.699844267,EC_11258179,3.23E-05
EMT-Serie2-2-C1,N06,2,0.649696576,-0.707548509,0.919965404,0.912504994,-0.255211606,EC_11258179,9.68E-06
EMT-Serie2-2-C1,N07,2,0.619598954,0.275521583,0.647586999,0.512185378,0.020354635,EC_11258179,2.90E-06
EMT-Serie2-2-C1,N08,2,0.820706683,0.645303218,0.241984766,0.281662006,0.458894566,EC_11258179,8.71E-07
EMT-Serie2-2-C1,N09,2,1.032254446,0.980434298,-0.075839463,0.052736716,0.962104861,EC_11258179,2.61E-07
EMT-Serie2-2-C1,N10,2,0.997678127,1.115163926,-0.07390034,-0.028365961,1.104997131,EC_11258179,7.84E-08
EMT-Serie2-2-C1,N11,2,0.978414978,0.917682123,0.106362473,0.122253296,0.879320237,EC_11258179,2.35E-08
EMT-Serie2-2-C1,N12,2,0.961023314,0.892236573,-0.04008053,-0.014782261,1.095489194,EC_11258179,7.06E-09
EMT-Serie2-2-C1,N13,2,1.048353694,1.051702115,-0.057526819,0.043947263,0.969454386,EC_11258179,2.12E-09
EMT-Serie2-2-C1,N14,2,1.052032324,1.094280327,-0.082954909,0.051538154,0.925138657,EC_11258179,6.35E-10
EMT-Serie2-2-C2,N05,2,-0.005392858,-0.429246168,-0.119549757,-0.068088597,-1.787649787,EC_11258179,3.23E-05
EMT-Serie2-2-C2,N06,2,0.878025494,-0.66947703,0.907712987,0.862182116,-0.182545848,EC_11258179,9.68E-06
EMT-Serie2-2-C2,N07,2,0.609444144,-0.126378053,0.697828146,0.572600492,0.041928573,EC_11258179,2.90E-06
EMT-Serie2-2-C2,N08,2,0.813713833,0.766555944,0.248965352,0.280147662,0.296230901,EC_11258179,8.71E-07
EMT-Serie2-2-C2,N09,2,0.987374475,0.932573358,0.066916119,0.066037736,0.838618547,EC_11258179,2.61E-07
EMT-Serie2-2-C2,N10,2,1.026174409,1.161228026,-0.022799992,-0.002871206,0.783223862,EC_11258179,7.84E-08
EMT-Serie2-2-C2,N11,2,1.161223558,1.018539568,0.007793747,0.016406891,1.159074323,EC_11258179,2.35E-08
EMT-Serie2-2-C2,N12,2,0.855060857,1.3356986,-0.04334765,0.029122231,0.778350637,EC_11258179,7.06E-09
EMT-Serie2-2-C2,N13,2,1.097006117,1.006621274,-0.033522332,-0.010664479,1.044094451,EC_11258179,2.12E-09
EMT-Serie2-2-C2,N14,2,0.900845659,1.328966971,0.230952268,0.152994258,0.828518963,EC_11258179,6.35E-10
EMT-Serie2-2-C3,N05,2,-0.020978481,-0.372301971,-0.099210436,-0.037667072,-1.743982956,EC_11258179,3.23E-05
EMT-Serie2-2-C3,N06,2,0.759302438,-0.84601171,0.905030767,0.925475901,-0.202144596,EC_11258179,9.68E-06
EMT-Serie2-2-C3,N07,2,0.593600561,0.116825074,0.744639958,0.634669907,-0.054457764,EC_11258179,2.90E-06
EMT-Serie2-2-C3,N08,2,0.842212438,0.881361804,0.182166875,0.219927096,0.470102079,EC_11258179,8.71E-07
EMT-Serie2-2-C3,N09,2,0.937755156,1.010462981,0.121340516,0.179829891,0.838195355,EC_11258179,2.61E-07
EMT-Serie2-2-C3,N10,2,1.010847731,0.898950237,-0.034365875,0.062373431,0.879799588,EC_11258179,7.84E-08
EMT-Serie2-2-C3,N11,2,0.945981188,1.144657066,-0.040246138,0.0818145,0.88169601,EC_11258179,2.35E-08
EMT-Serie2-2-C3,N12,2,0.835292334,1.209213429,-0.0237552,0.069258809,0.835783855,EC_11258179,7.06E-09
EMT-Serie2-2-C3,N13,2,1.180923481,1.404152857,0.005163871,0.093965168,1.002388088,EC_11258179,2.12E-09
EMT-Serie2-2-C3,N14,2,0.952727387,1.155050756,0.001115006,0.058323208,1.055839108,EC_11258179,6.35E-10
EMT-Serie2-3-C1,F15,2,0.445130035,0.328180521,0.49283016,0.248319328,-1.228644191,EC_11261582,3.23E-05
EMT-Serie2-3-C1,F16,2,1.028226038,0.329355642,0.908024357,0.527310924,0.090055785,EC_11261582,9.68E-06
EMT-Serie2-3-C1,F17,2,0.988264057,0.527783218,0.136609599,0.017226891,0.880184332,EC_11261582,2.90E-06
EMT-Serie2-3-C1,F18,2,1.044201794,0.820332391,0.005881772,-0.026890756,1.148726655,EC_11261582,8.71E-07
EMT-Serie2-3-C1,F19,2,1.03596891,1.138692258,-0.046243147,-0.004201681,0.896774194,EC_11261582,2.61E-07
EMT-Serie2-3-C1,F20,2,0.961226557,0.954659914,-0.071512454,-0.029831933,1.206766917,EC_11261582,7.84E-08
EMT-Serie2-3-C1,F21,2,1.039600554,1.106348451,-0.070109239,-0.038235294,1.056730536,EC_11261582,2.35E-08
EMT-Serie2-3-C1,F22,2,1.01811999,1.789891161,-0.017858446,-0.055462185,0.975454766,EC_11261582,7.06E-09
EMT-Serie2-3-C1,F23,2,0.881723102,0.431353348,-0.045592318,0.015966387,0.856803299,EC_11261582,2.12E-09
EMT-Serie2-3-C1,F24,2,0.692919338,1.50030777,0.125406768,0.01092437,-0.130220713,EC_11261582,6.35E-10
EMT-Serie2-3-C2,F15,2,0.68244138,-0.355560851,0.897229134,0.725583405,-0.72271319,EC_11261582,3.23E-05
EMT-Serie2-3-C2,F16,2,0.868741792,0.300661226,0.827177579,0.505617978,0.072857941,EC_11261582,9.68E-06
EMT-Serie2-3-C2,F17,2,0.930149441,0.816524692,0.358948428,0.186689715,0.661536899,EC_11261582,2.90E-06
EMT-Serie2-3-C2,F18,2,0.929946836,1.397807827,0.088408671,-0.017286085,0.533470466,EC_11261582,8.71E-07
EMT-Serie2-3-C2,F19,2,1.101384462,0.886340621,-0.010806391,-0.056179775,1.085199858,EC_11261582,2.61E-07
EMT-Serie2-3-C2,F20,2,0.93126226,1.090784536,0.039827961,0.032411409,0.731068109,EC_11261582,7.84E-08
EMT-Serie2-3-C2,F21,2,0.956140417,0.87395008,0.000341535,-0.03673293,0.813804663,EC_11261582,2.35E-08
EMT-Serie2-3-C2,F22,2,1.00084671,1.343003515,-0.021886306,-0.076490925,0.976052618,EC_11261582,7.06E-09
EMT-Serie2-3-C2,F23,2,0.815650045,0.916006434,-0.019124459,-0.076923077,0.729493626,EC_11261582,2.12E-09
EMT-Serie2-3-C2,F24,2,0.858566151,1.127598737,-0.095691785,-0.24286949,0.831962009,EC_11261582,6.35E-10
EMT-Serie2-3-C3,F15,2,0.890696033,-0.029456041,0.89892921,0.738243862,-0.368057524,EC_11261582,3.23E-05
EMT-Serie2-3-C3,F16,2,0.85665539,0.439031582,0.820863175,0.484394507,0.067627123,EC_11261582,9.68E-06
EMT-Serie2-3-C3,F17,2,0.854286352,1.238255606,0.394255821,0.180191427,0.41331409,EC_11261582,2.90E-06
EMT-Serie2-3-C3,F18,2,0.975974249,1.195390704,0.127098644,0.188098211,0.494136749,EC_11261582,8.71E-07
EMT-Serie2-3-C3,F19,2,0.869421077,0.882299992,0.018268568,0.059925094,0.628514729,EC_11261582,2.61E-07
EMT-Serie2-3-C3,F20,2,0.984290855,1.070349965,0.037312626,0.020807324,1.059122188,EC_11261582,7.84E-08
EMT-Serie2-3-C3,F21,2,0.845655777,1.047831148,0.044439544,0.104036621,0.675626917,EC_11261582,2.35E-08
EMT-Serie2-3-C3,F22,2,0.897913748,1.551004889,-0.048999019,-0.054515189,1.162805082,EC_11261582,7.06E-09
EMT-Serie2-3-C3,F23,2,0.644897685,0.848420889,-0.024225678,-0.008739076,0.558851576,EC_11261582,2.12E-09
EMT-Serie2-3-C3,F24,2,0.625845486,1.627205711,-0.001973046,-0.173116937,0.338625293,EC_11261582,6.35E-10
EMT-Serie2-4-C1,B05,2,0.195599496,-0.262915381,-0.015491596,0.372287145,-0.996956935,EC_11191242,3.23E-05
EMT-Serie2-4-C1,B06,2,0.854982576,-0.290992607,0.586913367,0.521285476,-0.376959652,EC_11191242,9.68E-06
EMT-Serie2-4-C1,B07,2,0.963413444,0.446292974,0.206841232,0.204507513,0.190490422,EC_11191242,2.90E-06
EMT-Serie2-4-C1,B08,2,1.03037361,0.63104859,-0.01134098,-0.075125209,0.713734547,EC_11191242,8.71E-07
EMT-Serie2-4-C1,B09,2,0.945469288,0.840134931,0.009702085,0.025041736,0.510283929,EC_11191242,2.61E-07
EMT-Serie2-4-C1,B10,2,1.155320084,0.785846551,-0.024983048,-0.093906511,1.312077163,EC_11191242,7.84E-08
EMT-Serie2-4-C1,B11,2,0.959947161,1.234436231,0.006805165,0.012103506,0.865453063,EC_11191242,2.35E-08
EMT-Serie2-4-C1,B12,2,1.099852443,1.304729778,0.07416288,-0.034641068,0.896318435,EC_11191242,7.06E-09
EMT-Serie2-4-C1,B13,2,1.047074465,1.265169023,0.021585515,0.011686144,0.934546937,EC_11191242,2.12E-09
EMT-Serie2-4-C1,B14,2,0.980292422,0.83567071,-0.013802207,-0.160267112,0.963537563,EC_11191242,6.35E-10
EMT-Serie2-4-C2,B05,2,0.121825659,-0.419265042,0.062787768,0.324324324,-1.484079214,EC_11191242,3.23E-05
EMT-Serie2-4-C2,B06,2,0.731419977,-0.49672461,0.551670171,0.41673932,-0.547793544,EC_11191242,9.68E-06
EMT-Serie2-4-C2,B07,2,0.643443308,0.463531975,0.400846998,0.306015693,-0.046405738,EC_11191242,2.90E-06
EMT-Serie2-4-C2,B08,2,0.65710464,0.35572399,0.132449207,0.091543156,0.073257446,EC_11191242,8.71E-07
EMT-Serie2-4-C2,B09,2,0.810229084,0.626968638,0.108166505,0.075414124,0.529861219,EC_11191242,2.61E-07
EMT-Serie2-4-C2,B10,2,0.754235285,0.708255798,-0.050182563,-0.040540541,0.677311711,EC_11191242,7.84E-08
EMT-Serie2-4-C2,B11,2,1.033480793,1.480249323,-0.055482259,-0.042720139,1.024450335,EC_11191242,2.35E-08
EMT-Serie2-4-C2,B12,2,0.904713737,0.975097959,0.005874487,-0.017872711,0.648619991,EC_11191242,7.06E-09
EMT-Serie2-4-C2,B13,2,0.830184411,0.752462216,0.032912018,0.009154316,0.717168252,EC_11191242,2.12E-09
EMT-Serie2-4-C2,B14,2,1.119898399,0.837455937,-0.046622133,-0.126852659,1.18640262,EC_11191242,6.35E-10
EMT-Serie2-4-C3,B05,2,0.100150663,-0.89301428,-0.081401721,0.27,-0.854163914,EC_11191242,3.23E-05
EMT-Serie2-4-C3,B06,2,0.90088436,-0.501489772,0.640586762,0.4875,-0.469302535,EC_11191242,9.68E-06
EMT-Serie2-4-C3,B07,2,0.693021,0.142030104,0.274661038,0.26125,-0.029309935,EC_11191242,2.90E-06
EMT-Serie2-4-C3,B08,2,0.796123477,0.707865689,0.11232298,0.102916667,0.134788699,EC_11191242,8.71E-07
EMT-Serie2-4-C3,B09,2,0.845087159,0.452504824,-0.062773287,0.06875,0.600840447,EC_11191242,2.61E-07
EMT-Serie2-4-C3,B10,2,0.930321057,0.825658047,0.063543129,0.08,0.654174485,EC_11191242,7.84E-08
EMT-Serie2-4-C3,B11,2,1.010176243,0.965881899,-0.066687737,0.065,0.771572799,EC_11191242,2.35E-08
EMT-Serie2-4-C3,B12,2,1.14327809,1.291609417,-0.052856679,-0.022083333,0.861352644,EC_11191242,7.06E-09
EMT-Serie2-4-C3,B13,2,1.121467097,1.119104593,0.029725177,0.07,0.662684674,EC_11191242,2.12E-09
EMT-Serie2-4-C3,B14,2,1.18359067,1.26602856,0.005990559,-0.149583333,0.9786981,EC_11191242,6.35E-10
EMT-Serie2-2-C1,J15,2,-0.012693649,0.938261592,0.795746722,-0.030363564,-5.169203027,EC_11301156,3.23E-05
EMT-Serie2-2-C1,J16,2,0.499367919,0.27949555,0.841029741,0.522972433,-0.806234802,EC_11301156,9.68E-06
EMT-Serie2-2-C1,J17,2,0.845782906,0.337493157,0.243133122,0.240511386,0.474003443,EC_11301156,2.90E-06
EMT-Serie2-2-C1,J18,2,1.063185704,0.942418037,0.040823328,0.085497403,0.815824704,EC_11301156,8.71E-07
EMT-Serie2-2-C1,J19,2,0.986449216,0.925285375,0.087264878,0.123052337,0.52719871,EC_11301156,2.61E-07
EMT-Serie2-2-C1,J20,2,0.887050693,1.084345411,0.104189319,0.096683979,0.466134805,EC_11301156,7.84E-08
EMT-Serie2-2-C1,J21,2,0.897781661,0.869528193,0.087623921,0.13224131,0.667468102,EC_11301156,2.35E-08
EMT-Serie2-2-C1,J22,2,0.824804928,0.674905213,-0.036219728,0.072712745,0.845195486,EC_11301156,7.06E-09
EMT-Serie2-2-C1,J23,2,0.637723547,0.833843596,0.073504957,0.170595286,0.312423158,EC_11301156,2.12E-09
EMT-Serie2-2-C1,J24,2,0.873203381,1.094077573,-0.065188825,-0.098681582,0.348077921,EC_11301156,6.35E-10
EMT-Serie2-2-C2,J15,2,-0.013268108,1.83251487,0.45163909,-0.458162428,-4.439367187,EC_11301156,3.23E-05
EMT-Serie2-2-C2,J16,2,0.667892159,0.214805169,0.847275822,0.555783429,-0.629328813,EC_11301156,9.68E-06
EMT-Serie2-2-C2,J17,2,0.829376393,0.792378913,0.239624872,0.222313372,0.341031617,EC_11301156,2.90E-06
EMT-Serie2-2-C2,J18,2,0.794181957,0.76644559,0.097138194,0.16242822,0.474962921,EC_11301156,8.71E-07
EMT-Serie2-2-C2,J19,2,1.117571276,0.835019919,0.139637726,0.219852338,0.624455588,EC_11301156,2.61E-07
EMT-Serie2-2-C2,J20,2,0.76037256,0.838507123,0.077671992,0.08490566,0.404454175,EC_11301156,7.84E-08
EMT-Serie2-2-C2,J21,2,0.789810133,1.005628083,0.333411112,0.294503692,0.557030864,EC_11301156,2.35E-08
EMT-Serie2-2-C2,J22,2,0.675615086,0.498924043,0.125109333,0.193601313,0.386585682,EC_11301156,7.06E-09
EMT-Serie2-2-C2,J23,2,0.860475386,1.315503713,0.002392057,0.042657916,0.475692728,EC_11301156,2.12E-09
EMT-Serie2-2-C2,J24,2,0.897858874,1.1267974,-0.01132734,-0.097621001,0.625303105,EC_11301156,6.35E-10
EMT-Serie2-2-C3,J15,2,-0.037806114,1.549202573,0.312777271,-0.490481977,-2.97117906,EC_11301156,3.23E-05
EMT-Serie2-2-C3,J16,2,0.566307329,0.515238304,0.795835453,0.545565006,-0.519596366,EC_11301156,9.68E-06
EMT-Serie2-2-C3,J17,2,0.72160444,0.950445196,0.218348816,0.236533009,0.309819255,EC_11301156,2.90E-06
EMT-Serie2-2-C3,J18,2,0.591270891,0.613989907,0.079053918,0.178209802,0.448398577,EC_11301156,8.71E-07
EMT-Serie2-2-C3,J19,2,0.863796338,1.024552205,-0.029136498,0.038072094,0.781162203,EC_11301156,2.61E-07
EMT-Serie2-2-C3,J20,2,0.712010138,0.442413184,0.123758685,0.121506683,0.618257164,EC_11301156,7.84E-08
EMT-Serie2-2-C3,J21,2,0.68320098,0.87362428,0.054169774,0.125961928,0.303240307,EC_11301156,2.35E-08
EMT-Serie2-2-C3,J22,2,0.639153811,1.111743715,-0.011271316,-0.031591738,0.765780109,EC_11301156,7.06E-09
EMT-Serie2-2-C3,J23,2,0.871946902,1.595165779,0.073534638,0.155933576,0.287764563,EC_11301156,2.12E-09
EMT-Serie2-2-C3,J24,2,0.540776115,1.243512605,-0.023809557,0.058323208,0.091519948,EC_11301156,6.35E-10
EMT-Serie2-5-C1,A05,2,0.134231951,0.805361977,-0.255564387,-0.08900084,-1.600501603,EC_27082056,3.23E-05
EMT-Serie2-5-C1,A06,2,0.770780188,0.751942745,-0.028692075,-0.078925273,0.687713311,EC_27082056,9.68E-06
EMT-Serie2-5-C1,A07,2,0.658760886,0.329903239,0.001535495,-0.008396306,0.101871962,EC_27082056,2.90E-06
EMT-Serie2-5-C1,A08,2,0.639464453,0.690075704,-0.079851474,-0.145256087,0.403428483,EC_27082056,8.71E-07
EMT-Serie2-5-C1,A09,2,0.778863653,0.247054547,-0.144056876,-0.274979009,0.993717034,EC_27082056,2.61E-07
EMT-Serie2-5-C1,A10,2,0.701681166,0.445665798,-0.058982435,-0.281696054,0.540102389,EC_27082056,7.84E-08
EMT-Serie2-5-C1,A11,2,0.681914009,0.540321368,0.114725487,-0.05247691,0.544342745,EC_27082056,2.35E-08
EMT-Serie2-5-C1,A12,2,0.773377285,0.764514188,-0.090614212,-0.185558354,0.39334471,EC_27082056,7.06E-09
EMT-Serie2-5-C1,A13,2,0.912718051,0.428582172,0.009930774,-0.188497061,0.488002896,EC_27082056,2.12E-09
EMT-Serie2-5-C1,A14,2,0.670785447,0.561917176,-0.051065214,-0.19395466,0.274459613,EC_27082056,6.35E-10
EMT-Serie2-5-C2,A05,2,0.197016394,0.75104917,-0.062714461,0.094147583,-1.134535042,EC_27082056,3.23E-05
EMT-Serie2-5-C2,A06,2,0.699215181,0.784888819,-0.022261666,-0.034351145,0.452541896,EC_27082056,9.68E-06
EMT-Serie2-5-C2,A07,2,0.725987969,0.369527091,0.03936779,-0.11365564,0.43625311,EC_27082056,2.90E-06
EMT-Serie2-5-C2,A08,2,0.801180834,1.040667084,-0.043661252,-0.050042409,0.419541849,EC_27082056,8.71E-07
EMT-Serie2-5-C2,A09,2,0.754844345,0.931287191,-0.12092241,-0.213740458,0.901938694,EC_27082056,2.61E-07
EMT-Serie2-5-C2,A10,2,0.838485097,0.811916693,-0.035105368,-0.227311281,0.53602779,EC_27082056,7.84E-08
EMT-Serie2-5-C2,A11,2,0.792435769,0.398152208,0.025242962,-0.313825276,0.513894757,EC_27082056,2.35E-08
EMT-Serie2-5-C2,A12,2,0.771593198,1.277857814,-0.015493431,-0.123409669,0.426723936,EC_27082056,7.06E-09
EMT-Serie2-5-C2,A13,2,0.889402811,0.760898841,0.086071009,-0.096268024,0.769398676,EC_27082056,2.12E-09
EMT-Serie2-5-C2,A14,2,0.760754526,0.790400877,0.079579317,-0.0971162,0.381213914,EC_27082056,6.35E-10
EMT-Serie2-5-C3,A05,2,0.115071224,1.132784608,-0.273213903,-0.096510125,-1.53832414,EC_27082056,3.23E-05
EMT-Serie2-5-C3,A06,2,0.647210926,0.404568065,-0.02166031,-0.036191297,0.016837405,EC_27082056,9.68E-06
EMT-Serie2-5-C3,A07,2,0.963616776,0.573517769,-0.010365003,-0.225333908,0.693774626,EC_27082056,2.90E-06
EMT-Serie2-5-C3,A08,2,0.897931299,0.8847527,0.026013785,-0.069366652,0.755844497,EC_27082056,8.71E-07
EMT-Serie2-5-C3,A09,2,0.704743351,0.783726454,-0.077413437,-0.213700991,0.840609404,EC_27082056,2.61E-07
EMT-Serie2-5-C3,A10,2,1.010447151,0.31210134,-0.089296152,-0.283498492,0.788048332,EC_27082056,7.84E-08
EMT-Serie2-5-C3,A11,2,0.810313178,0.191565959,0.118751917,-0.176217148,0.776385605,EC_27082056,2.35E-08
EMT-Serie2-5-C3,A12,2,0.771827029,0.862450144,0.044783353,-0.030590263,0.499868663,EC_27082056,7.06E-09
EMT-Serie2-5-C3,A13,2,0.728359085,0.111109451,-0.070306668,-0.267557087,0.405227213,EC_27082056,2.12E-09
EMT-Serie2-5-C3,A14,2,1.048460985,0.980968884,-0.05872489,-0.176217148,1.075518781,EC_27082056,6.35E-10
EMT-Serie2-4-C1,E15,2,-0.053290261,-3.209531329,0.339707134,-0.787562604,-2.13867681,X-WE52880180,3.23E-05
EMT-Serie2-4-C1,L15,2,-0.053290261,-3.53572095,0.274426892,-0.809265442,-3.540796087,X-WE52880180,3.23E-05
EMT-Serie2-4-C1,E16,2,-0.053290261,-3.13096964,0.435286734,-0.815108514,-1.985599783,X-WE52880180,9.68E-06
EMT-Serie2-4-C1,L16,2,-0.053290261,-3.232555803,0.45944745,-0.796744574,-1.35587556,X-WE52880180,9.68E-06
EMT-Serie2-4-C1,E17,2,-0.053290261,-2.146888682,0.386065065,-0.803422371,-1.684798261,X-WE52880180,2.90E-06
EMT-Serie2-4-C1,L17,2,0.099880586,-1.480025838,0.56403953,-0.789232053,-1.16812933,X-WE52880180,2.90E-06
EMT-Serie2-4-C1,E18,2,0.017079545,-2.220254073,0.402957513,-0.830550918,-2.083358239,X-WE52880180,8.71E-07
EMT-Serie2-4-C1,L18,2,-0.053290261,-2.502232111,0.455790233,-0.777128548,-0.920445592,X-WE52880180,8.71E-07
EMT-Serie2-4-C1,E19,2,0.070062721,-0.808842317,0.449054317,-0.800083472,-0.450726803,X-WE52880180,2.61E-07
EMT-Serie2-4-C1,L19,2,0.093762046,-0.985631235,0.486288682,-0.773789649,0.039940226,X-WE52880180,2.61E-07
EMT-Serie2-4-C1,E20,2,0.105092122,1.223928802,-0.284,-0.354340568,-0.547806005,X-WE52880180,7.84E-08
EMT-Serie2-4-C1,L20,2,0.003794742,0.523577119,0.343435043,-0.70409015,-0.499769053,X-WE52880180,7.84E-08
EMT-Serie2-4-C1,E21,2,0.098556773,1.414067322,-0.29741196,-0.164858097,-0.284363538,X-WE52880180,2.35E-08
EMT-Serie2-4-C1,L21,2,-0.000118986,0.468197804,0.007203347,-0.696994992,-0.281782367,X-WE52880180,2.35E-08
EMT-Serie2-4-C1,E22,2,0.575802571,1.384640781,-0.296141528,-0.101001669,0.277761174,X-WE52880180,7.06E-09
EMT-Serie2-4-C1,L22,2,0.013756474,-0.629656212,0.405039313,-0.770450751,0.042032333,X-WE52880180,7.06E-09
EMT-Serie2-4-C1,E23,2,0.656207495,2.218201392,-0.190478251,-0.19115192,-0.051650591,X-WE52880180,2.12E-09
EMT-Serie2-4-C1,L23,2,0.030607665,1.614167803,-0.23725312,-0.429465776,-0.52517321,X-WE52880180,2.12E-09
EMT-Serie2-4-C1,E24,2,0.76270038,2.236287949,-0.029590998,-0.18196995,-0.190680614,X-WE52880180,6.35E-10
EMT-Serie2-4-C1,L24,2,0.09142756,1.878576042,-0.018286085,-0.637312187,0.04290178,X-WE52880180,6.35E-10
EMT-Serie2-4-C2,E15,2,-0.050937544,-3.40156432,-0.049819224,-0.883609416,-3.489131452,X-WE52880180,3.23E-05
EMT-Serie2-4-C2,L15,2,-0.050937544,-4.017882268,0.094524889,-0.921098518,-3.488258225,X-WE52880180,3.23E-05
EMT-Serie2-4-C2,E16,2,-0.050937544,-3.358265632,0.18146134,-0.901482127,-3.295587089,X-WE52880180,9.68E-06
EMT-Serie2-4-C2,L16,2,-0.050937544,-3.348885762,0.371553485,-0.884917175,-3.128021207,X-WE52880180,9.68E-06
EMT-Serie2-4-C2,E17,2,-0.050937544,-3.127626742,0.244896865,-0.89537925,-3.140495868,X-WE52880180,2.90E-06
EMT-Serie2-4-C2,L17,2,0.179119697,-1.84089018,0.557988409,-0.866608544,-1.314642133,X-WE52880180,2.90E-06
EMT-Serie2-4-C2,E18,2,-0.030351798,-3.72467057,0.148625266,-0.911944202,-2.818368938,X-WE52880180,8.71E-07
EMT-Serie2-4-C2,L18,2,-0.050937544,-3.179125252,0.271505536,-0.87489102,-2.682707001,X-WE52880180,8.71E-07
EMT-Serie2-4-C2,E19,2,0.065761889,-2.339369733,0.390896853,-0.851351351,-1.844472166,X-WE52880180,2.61E-07
EMT-Serie2-4-C2,L19,2,0.087743319,-1.246735957,0.424861663,-0.888404534,-0.032184625,X-WE52880180,2.61E-07
EMT-Serie2-4-C2,E20,2,0.115224267,1.681916519,-0.263908164,-0.456843941,-1.153220022,X-WE52880180,7.84E-08
EMT-Serie2-4-C2,L20,2,0.082222742,-0.611264921,0.390112099,-0.844376635,-0.516856385,X-WE52880180,7.84E-08
EMT-Serie2-4-C2,E21,2,0.123080043,1.54000817,-0.364539393,-0.163905841,-0.692624357,X-WE52880180,2.35E-08
EMT-Serie2-4-C2,L21,2,0.081434379,-0.102573413,0.187094593,-0.845248474,-0.957087167,X-WE52880180,2.35E-08
EMT-Serie2-4-C2,E22,2,0.345227501,0.663277811,-0.337369778,-0.075850044,-0.138375175,X-WE52880180,7.06E-09
EMT-Serie2-4-C2,L22,2,0.091801978,-1.050621038,0.453261718,-0.89625109,-0.51373772,X-WE52880180,7.06E-09
EMT-Serie2-4-C2,E23,2,0.669981346,2.339566408,-0.229373031,-0.248910201,-0.255917667,X-WE52880180,2.12E-09
EMT-Serie2-4-C2,L23,2,0.004172107,0.915490401,-0.168010328,-0.741935484,-0.220302511,X-WE52880180,2.12E-09
EMT-Serie2-4-C2,E24,2,0.739959159,2.073147854,-0.086546308,-0.251961639,-0.258350226,X-WE52880180,6.35E-10
EMT-Serie2-4-C2,L24,2,0.079604603,1.590387147,-0.019873486,-0.818657367,-0.439762981,X-WE52880180,6.35E-10
EMT-Serie2-4-C3,E15,2,-0.053217048,-3.205233501,0.05177948,-0.7775,-3.323995031,X-WE52880180,3.23E-05
EMT-Serie2-4-C3,L15,2,-0.053217048,-3.977861829,-0.032500087,-0.775,-4.000607871,X-WE52880180,3.23E-05
EMT-Serie2-4-C3,E16,2,-0.053217048,-3.136071015,0.126433849,-0.796666667,-3.233977324,X-WE52880180,9.68E-06
EMT-Serie2-4-C3,L16,2,-0.053217048,-2.89872636,0.451399923,-0.74375,-2.123239157,X-WE52880180,9.68E-06
EMT-Serie2-4-C3,E17,2,-0.030781931,-2.597915863,0.285433025,-0.804583333,-3.386975712,X-WE52880180,2.90E-06
EMT-Serie2-4-C3,L17,2,0.132579894,-1.127641837,0.367810459,-0.784166667,-2.219758438,X-WE52880180,2.90E-06
EMT-Serie2-4-C3,E18,2,-0.053217048,-3.974511772,0.074592027,-0.82125,-2.844940138,X-WE52880180,8.71E-07
EMT-Serie2-4-C3,L18,2,0.020231436,-2.046792744,0.369679247,-0.775416667,-1.670719137,X-WE52880180,8.71E-07
EMT-Serie2-4-C3,E19,2,0.089599058,-0.880463142,0.299345272,-0.775,-1.121071967,X-WE52880180,2.61E-07
EMT-Serie2-4-C3,L19,2,0.230526507,-1.563643381,0.41068094,-0.784583333,-0.821867484,X-WE52880180,2.61E-07
EMT-Serie2-4-C3,E20,2,0.066239603,2.05905056,-0.226508948,-0.535833333,-0.646906467,X-WE52880180,7.84E-08
EMT-Serie2-4-C3,L20,2,0.034778022,-1.190906986,0.328850079,-0.754583333,-0.476808415,X-WE52880180,7.84E-08
EMT-Serie2-4-C3,E21,2,0.085695142,1.033871092,-0.344977325,-0.072083333,-0.205539551,X-WE52880180,2.35E-08
EMT-Serie2-4-C3,L21,2,0.186892674,0.299776148,0.060514504,-0.729166667,-0.031054259,X-WE52880180,2.35E-08
EMT-Serie2-4-C3,E22,2,0.529323793,0.747217291,-0.334993737,-0.14625,0.005761556,X-WE52880180,7.06E-09
EMT-Serie2-4-C3,L22,2,0.185036592,-1.514349672,0.432667104,-0.795833333,-0.653910194,X-WE52880180,7.06E-09
EMT-Serie2-4-C3,E23,2,0.74092967,2.648166731,-0.216602489,-0.245833333,-0.101725824,X-WE52880180,2.12E-09
EMT-Serie2-4-C3,L23,2,0.134855019,1.098402161,-0.197995801,-0.625416667,-0.430689537,X-WE52880180,2.12E-09
EMT-Serie2-4-C3,E24,2,0.74809635,2.521574682,-0.072339044,-0.325,-0.169305177,X-WE52880180,6.35E-10
EMT-Serie2-4-C3,L24,2,0.106533673,1.54031648,-0.162859984,-0.679583333,-0.451727145,X-WE52880180,6.35E-10
EMT-Serie2-2-C1,M05,2,-0.037606754,0.135865047,-0.100853272,-0.005593288,-4.003934319,EC_11261900,3.23E-05
EMT-Serie2-2-C1,M06,2,0.118081205,-0.60701324,0.40837137,0.740711147,-0.421518538,EC_11261900,9.68E-06
EMT-Serie2-2-C1,M07,2,0.514171955,0.006609761,0.797963485,0.657610867,-0.272232999,EC_11261900,2.90E-06
EMT-Serie2-2-C1,M08,2,0.575279163,0.485543683,0.295784516,0.461046744,0.360072129,EC_11261900,8.71E-07
EMT-Serie2-2-C1,M09,2,1.033367826,0.946675858,-0.009771201,0.023571714,0.956367312,EC_11261900,2.61E-07
EMT-Serie2-2-C1,M10,2,1.222007379,0.873583261,-0.060461668,0.032760687,1.174995219,EC_11261900,7.84E-08
EMT-Serie2-2-C1,M11,2,0.967756744,1.031832282,0.006856703,0.065121854,0.92798011,EC_11261900,2.35E-08
EMT-Serie2-2-C1,M12,2,0.966523074,1.100464305,0.082492659,0.089492609,0.946340264,EC_11261900,7.06E-09
EMT-Serie2-2-C1,M13,2,1.04941672,0.68579307,0.065386516,0.037155414,1.179312041,EC_11261900,2.12E-09
EMT-Serie2-2-C1,M14,2,1.152795996,1.103404229,0.070821583,0.116660008,0.907324936,EC_11261900,6.35E-10
EMT-Serie2-2-C2,M05,2,-0.049663068,0.51707737,-0.208620348,-0.171041838,-4.53937425,EC_11261900,3.23E-05
EMT-Serie2-2-C2,M06,2,0.090829974,-0.989119039,0.286207109,0.630434783,-0.521529298,EC_11261900,9.68E-06
EMT-Serie2-2-C2,M07,2,0.422196929,-0.102706998,0.863391467,0.740771124,-0.295524637,EC_11261900,2.90E-06
EMT-Serie2-2-C2,M08,2,0.629352901,0.541697474,0.436188525,0.398277276,0.233632319,EC_11261900,8.71E-07
EMT-Serie2-2-C2,M09,2,0.763189748,0.878930002,0.054247438,0.11730927,0.446735881,EC_11261900,2.61E-07
EMT-Serie2-2-C2,M10,2,1.026171269,0.952878599,0.080001174,0.100082034,0.785342656,EC_11261900,7.84E-08
EMT-Serie2-2-C2,M11,2,1.008046417,0.927386693,0.027843991,0.028712059,1.028980389,EC_11261900,2.35E-08
EMT-Serie2-2-C2,M12,2,1.054503324,1.202942053,0.100439848,0.011484824,0.986063046,EC_11261900,7.06E-09
EMT-Serie2-2-C2,M13,2,1.172793815,1.288577199,0.023040316,-0.020098441,1.110459778,EC_11261900,2.12E-09
EMT-Serie2-2-C2,M14,2,1.077866826,1.058267213,0.023625755,0.072600492,0.805541823,EC_11261900,6.35E-10
EMT-Serie2-2-C3,M05,2,-0.049335847,0.267649063,-0.230330111,-0.186310247,-4.367999625,EC_11261900,3.23E-05
EMT-Serie2-2-C3,M06,2,0.130161285,-1.038260327,0.334535217,0.606318348,-0.348567147,EC_11261900,9.68E-06
EMT-Serie2-2-C3,M07,2,0.415046124,-0.192826044,0.843879663,0.744025921,-0.2145767,EC_11261900,2.90E-06
EMT-Serie2-2-C3,M08,2,0.566697795,0.465614209,0.287592075,0.378290806,0.307922832,EC_11261900,8.71E-07
EMT-Serie2-2-C3,M09,2,0.932229573,0.921181185,0.031465466,0.103685703,0.762361866,EC_11261900,2.61E-07
EMT-Serie2-2-C3,M10,2,1.169248882,0.785728309,0.035274605,0.074119077,1.18299307,EC_11261900,7.84E-08
EMT-Serie2-2-C3,M11,2,1.026781361,1.037486575,-0.001013262,0.076144188,1.04158082,EC_11261900,2.35E-08
EMT-Serie2-2-C3,M12,2,1.091565873,1.044069245,0.087546081,0.074119077,1.059772429,EC_11261900,7.06E-09
EMT-Serie2-2-C3,M13,2,0.962800749,0.956958575,0.004844701,0.037667072,1.01926859,EC_11261900,2.12E-09
EMT-Serie2-2-C3,M14,2,0.985103237,1.066011479,0.007444058,0.102065614,0.955726728,EC_11261900,6.35E-10
EMT-Serie2-1-C1,B15,2,0.435789062,-0.286186183,0.902687826,0.893591294,-0.405050742,EC_11189194,3.23E-05
EMT-Serie2-1-C1,B16,2,0.548033598,-0.378996048,0.70824282,0.472793229,-0.053272808,EC_11189194,9.68E-06
EMT-Serie2-1-C1,B17,2,0.766557475,0.371838947,0.278612681,0.225312374,0.376092458,EC_11189194,2.90E-06
EMT-Serie2-1-C1,B18,2,0.946660358,0.306250535,0.177619292,0.088673922,0.609897994,EC_11189194,8.71E-07
EMT-Serie2-1-C1,B19,2,1.104996502,1.058137686,0.162998262,0.142281338,0.639247606,EC_11189194,2.61E-07
EMT-Serie2-1-C1,B20,2,1.2083555,0.923339491,0.077105945,-0.006852076,0.907490021,EC_11189194,7.84E-08
EMT-Serie2-1-C1,B21,2,1.115508226,1.067129941,0.17457184,0.080209593,0.754845947,EC_11189194,2.35E-08
EMT-Serie2-1-C1,B22,2,0.87621747,0.652531901,0.096861798,0.004030633,0.513866061,EC_11189194,7.06E-09
EMT-Serie2-1-C1,B23,2,1.100272641,1.487576006,0.121846864,-0.020153164,0.29073074,EC_11189194,2.12E-09
EMT-Serie2-1-C1,B24,2,0.796357042,1.012907251,0.178193724,-0.008464329,0.011139809,EC_11189194,6.35E-10
EMT-Serie2-1-C2,B15,2,0.506279123,0.1974293,0.925672642,0.834144363,-0.427756202,EC_11189194,3.23E-05
EMT-Serie2-1-C2,B16,2,0.586387907,-0.062992777,0.736876968,0.51865369,-0.084409923,EC_11189194,9.68E-06
EMT-Serie2-1-C2,B17,2,0.795386206,0.496093197,0.3485981,0.282643958,0.340334469,EC_11189194,2.90E-06
EMT-Serie2-1-C2,B18,2,1.011923151,0.641305887,0.111598415,0.090429846,0.899077964,EC_11189194,8.71E-07
EMT-Serie2-1-C2,B19,2,1.104776515,1.073355838,0.160279348,0.067721006,1.087844443,EC_11189194,2.61E-07
EMT-Serie2-1-C2,B20,2,0.972178128,1.073473868,0.120877481,0.011759935,0.813082878,EC_11189194,7.84E-08
EMT-Serie2-1-C2,B21,2,1.13227835,1.057893867,0.054060951,-0.015815085,1.043195688,EC_11189194,2.35E-08
EMT-Serie2-1-C2,B22,2,0.992639152,1.235529484,0.113812896,-0.02919708,0.535785052,EC_11189194,7.06E-09
EMT-Serie2-1-C2,B23,2,1.259717031,1.757105425,0.085253341,-0.024736415,0.714961296,EC_11189194,2.12E-09
EMT-Serie2-1-C2,B24,2,1.029486063,1.062024928,0.045942117,-0.132603406,0.439829859,EC_11189194,6.35E-10
EMT-Serie2-1-C3,B15,2,0.397743449,-0.181732514,0.885337557,0.828594313,-0.560427422,EC_11189194,3.23E-05
EMT-Serie2-1-C3,B16,2,0.611469229,-0.021848388,0.760659121,0.502202643,-0.023892424,EC_11189194,9.68E-06
EMT-Serie2-1-C3,B17,2,0.878351079,0.425496766,0.225717785,0.221866239,0.451578821,EC_11189194,2.90E-06
EMT-Serie2-1-C3,B18,2,0.885911816,1.043394295,0.143018723,0.133360032,0.605354784,EC_11189194,8.71E-07
EMT-Serie2-1-C3,B19,2,1.047227303,0.635557727,0.05694185,0.031237485,0.830735983,EC_11189194,2.61E-07
EMT-Serie2-1-C3,B20,2,0.852096006,0.903892689,0.052925107,-0.00720865,0.701548805,EC_11189194,7.84E-08
EMT-Serie2-1-C3,B21,2,0.996037088,0.882195542,0.007895075,-0.001201442,0.799495738,EC_11189194,2.35E-08
EMT-Serie2-1-C3,B22,2,0.946625502,1.051421658,0.069171038,0.002402883,0.582446872,EC_11189194,7.06E-09
EMT-Serie2-1-C3,B23,2,0.872369266,1.384266369,-0.015233707,-0.145374449,0.406315284,EC_11189194,2.12E-09
EMT-Serie2-1-C3,B24,2,0.791900307,1.08097166,0.012313074,-0.093311974,0.197718814,EC_11189194,6.35E-10
EMT-Serie2-2-C1,G15,2,0.008320416,4.679061657,-0.176858447,-0.618457851,-1.741673725,EC_11190448,3.23E-05
EMT-Serie2-2-C1,G16,2,0.08424229,0.036728777,0.972692386,0.845385537,-0.455479358,EC_11190448,9.68E-06
EMT-Serie2-2-C1,G17,2,0.292757632,0.259250623,0.975484781,0.817019577,-0.169203027,EC_11190448,2.90E-06
EMT-Serie2-2-C1,G18,2,0.45728328,0.059011374,0.96678344,0.789852177,-0.299090189,EC_11190448,8.71E-07
EMT-Serie2-2-C1,G19,2,0.530041813,0.369224063,0.695421112,0.393927287,-0.133575585,EC_11190448,2.61E-07
EMT-Serie2-2-C1,G20,2,0.560321269,0.054925894,0.896553479,0.698361966,0.024015737,EC_11190448,7.84E-08
EMT-Serie2-2-C1,G21,2,0.630170467,0.271456378,0.579849987,0.467439073,0.073249365,EC_11190448,2.35E-08
EMT-Serie2-2-C1,G22,2,0.695017849,0.699955394,0.461586766,0.376747903,0.193956449,EC_11190448,7.06E-09
EMT-Serie2-2-C1,G23,2,0.764335535,0.589819752,0.342932523,0.148621654,0.362093932,EC_11190448,2.12E-09
EMT-Serie2-2-C1,G24,2,0.553808836,0.743719714,0.462973515,0.344386736,-0.274118193,EC_11190448,6.35E-10
EMT-Serie2-2-C2,G15,2,-0.002741498,5.538442014,-0.25990524,-0.790401969,0.288532618,EC_11190448,3.23E-05
EMT-Serie2-2-C2,G16,2,0.116899485,0.214319609,0.980078301,0.887202625,-0.48708713,EC_11190448,9.68E-06
EMT-Serie2-2-C2,G17,2,0.24757681,0.222320315,0.992415838,0.861361772,-0.201308944,EC_11190448,2.90E-06
EMT-Serie2-2-C2,G18,2,0.306331041,0.157983601,0.969592093,0.783018868,-0.251430186,EC_11190448,8.71E-07
EMT-Serie2-2-C2,G19,2,0.576193787,0.134566362,0.75107936,0.562346185,-0.136167808,EC_11190448,2.61E-07
EMT-Serie2-2-C2,G20,2,0.419210145,0.22075328,0.916852265,0.691550451,-0.189396615,EC_11190448,7.84E-08
EMT-Serie2-2-C2,G21,2,0.6777162,0.488981096,0.658571584,0.365053322,0.022482755,EC_11190448,2.35E-08
EMT-Serie2-2-C2,G22,2,0.629644984,0.676959069,0.564913889,0.36464315,0.087670975,EC_11190448,7.06E-09
EMT-Serie2-2-C2,G23,2,0.861046989,0.861582264,0.330845799,0.282608696,0.163288368,EC_11190448,2.12E-09
EMT-Serie2-2-C2,G24,2,0.56805315,0.753335467,0.634994732,0.400328138,0.000306048,EC_11190448,6.35E-10
EMT-Serie2-2-C3,G15,2,-0.034353116,4.270270582,-0.180582172,-0.759011746,0.629869826,EC_11190448,3.23E-05
EMT-Serie2-2-C3,G16,2,0.073041387,0.10408703,0.977110323,0.831510733,-0.392676531,EC_11190448,9.68E-06
EMT-Serie2-2-C3,G17,2,0.183760757,0.096060792,0.953905657,0.747671122,-0.275051508,EC_11190448,2.90E-06
EMT-Serie2-2-C3,G18,2,0.277825283,0.321580765,0.934558911,0.779667882,-0.2783761,EC_11190448,8.71E-07
EMT-Serie2-2-C3,G19,2,0.5552496,0.194419743,0.649542499,0.498582422,-0.207201723,EC_11190448,2.61E-07
EMT-Serie2-2-C3,G20,2,0.378358744,0.352103567,0.916736935,0.658161199,-0.131813074,EC_11190448,7.84E-08
EMT-Serie2-2-C3,G21,2,0.49422209,0.176300077,0.469778462,0.314702309,0.114979397,EC_11190448,2.35E-08
EMT-Serie2-2-C3,G22,2,0.58987637,0.804055849,0.502876018,0.297691373,0.072953737,EC_11190448,7.06E-09
EMT-Serie2-2-C3,G23,2,0.512951324,0.452010024,0.323301532,0.327257999,0.034299494,EC_11190448,2.12E-09
EMT-Serie2-2-C3,G24,2,0.426011979,0.790497858,0.480546632,0.414337789,-0.068294624,EC_11190448,6.35E-10
EMT-Serie2-1-C1,F15,2,0.148835221,-2.586808912,0.310925118,0.044336961,0.134408181,EC_11188498,3.23E-05
EMT-Serie2-1-C1,F16,2,0.816735298,0.280778595,0.744905293,0.580814188,-0.421303905,EC_11188498,9.68E-06
EMT-Serie2-1-C1,F17,2,0.9875527,0.372316087,0.450893537,0.241434905,0.235944797,EC_11188498,2.90E-06
EMT-Serie2-1-C1,F18,2,1.024362599,0.997932393,0.133513484,0.047561467,0.883723357,EC_11188498,8.71E-07
EMT-Serie2-1-C1,F19,2,0.938337005,0.903911325,0.041497944,0.053204353,0.772455715,EC_11188498,2.61E-07
EMT-Serie2-1-C1,F20,2,1.193131234,0.577731015,-0.026189214,0.02700524,1.181941509,EC_11188498,7.84E-08
EMT-Serie2-1-C1,F21,2,1.27282942,1.192483208,0.015939795,-0.008867392,1.187394015,EC_11188498,2.35E-08
EMT-Serie2-1-C1,F22,2,0.926991436,1.138652018,0.041325345,-0.012091898,0.897498109,EC_11188498,7.06E-09
EMT-Serie2-1-C1,F23,2,0.87155775,0.983997455,0.101432977,0.035469569,0.764368266,EC_11188498,2.12E-09
EMT-Serie2-1-C1,F24,2,1.014092351,1.150152318,0.110273286,-0.051189037,0.204299392,EC_11188498,6.35E-10
EMT-Serie2-1-C2,F15,2,0.189653137,-2.508427364,0.473108278,-0.02595296,0.184380862,EC_11188498,3.23E-05
EMT-Serie2-1-C2,F16,2,0.920655748,0.305993579,0.66473899,0.441605839,-0.222239835,EC_11188498,9.68E-06
EMT-Serie2-1-C2,F17,2,0.791286178,0.231221378,0.425976645,0.319951338,0.165940134,EC_11188498,2.90E-06
EMT-Serie2-1-C2,F18,2,0.914055877,0.962513573,0.108349208,0.098540146,0.816992946,EC_11188498,8.71E-07
EMT-Serie2-1-C2,F19,2,1.16167907,0.769522213,0.065316038,0.064476886,1.031756096,EC_11188498,2.61E-07
EMT-Serie2-1-C2,F20,2,0.856513248,1.410214343,0.255737709,0.198296837,0.869144805,EC_11188498,7.84E-08
EMT-Serie2-1-C2,F21,2,0.717247427,0.422147207,-0.055276964,-0.052716951,1.014557079,EC_11188498,2.35E-08
EMT-Serie2-1-C2,F22,2,0.888403144,1.143229781,0.024445752,-0.03811841,0.980211883,EC_11188498,7.06E-09
EMT-Serie2-1-C2,F23,2,0.980303509,1.05167367,0.010412803,-0.050283861,0.96200893,EC_11188498,2.12E-09
EMT-Serie2-1-C2,F24,2,0.76390169,0.840375809,0.302282254,0.110300081,0.152756862,EC_11188498,6.35E-10
EMT-Serie2-1-C3,F15,2,0.115878983,-1.425217553,0.305004082,0.21545855,-0.492952335,EC_11188498,3.23E-05
EMT-Serie2-1-C3,F16,2,0.561998356,0.308099493,0.710598723,0.578293953,-0.320782807,EC_11188498,9.68E-06
EMT-Serie2-1-C3,F17,2,0.541740698,0.254688445,0.487011643,0.394873849,-0.118093409,EC_11188498,2.90E-06
EMT-Serie2-1-C3,F18,2,0.975557881,1.077946857,0.030857483,0.054064878,0.732837075,EC_11188498,8.71E-07
EMT-Serie2-1-C3,F19,2,1.169138338,0.949974406,0.068880233,0.043251902,0.845911874,EC_11188498,2.61E-07
EMT-Serie2-1-C3,F20,2,0.895525779,0.850376937,0.012430514,-0.010012014,1.052491295,EC_11188498,7.84E-08
EMT-Serie2-1-C3,F21,2,0.946410194,0.420342966,-0.063252877,0.029235082,1.011718093,EC_11188498,2.35E-08
EMT-Serie2-1-C3,F22,2,0.776822518,0.867641584,-0.002649401,-0.005206247,0.747028455,EC_11188498,7.06E-09
EMT-Serie2-1-C3,F23,2,0.640401608,0.365675462,0.136197389,0.140568682,0.709448913,EC_11188498,2.12E-09
EMT-Serie2-1-C3,F24,2,0.882413844,1.14123505,-0.084414531,-0.252703244,0.684067715,EC_11188498,6.35E-10
EMT-Serie2-4-C1,E05,2,0.062023297,-0.859455968,-0.145298997,-0.089732888,-1.644939546,EC_11261479,3.23E-05
EMT-Serie2-4-C1,E06,2,1.009864477,0.168664322,0.707975186,0.379799666,-0.133759,EC_11261479,9.68E-06
EMT-Serie2-4-C1,E07,2,1.042389818,1.376745855,0.380467431,0.141068447,0.415813069,EC_11261479,2.90E-06
EMT-Serie2-4-C1,E08,2,0.958393925,0.634723319,0.089005266,0.121035058,0.668115745,EC_11261479,8.71E-07
EMT-Serie2-4-C1,E09,2,0.875459648,1.26681978,0.128322874,0.068864775,0.8614047,EC_11261479,2.61E-07
EMT-Serie2-4-C1,E10,2,0.937165172,1.260905763,-0.047027339,0.06427379,0.918217633,EC_11261479,7.84E-08
EMT-Serie2-4-C1,E11,2,1.143478437,1.553018015,-0.06604054,0.030050083,0.983725037,EC_11261479,2.35E-08
EMT-Serie2-4-C1,E12,2,1.218707095,1.43918754,0.031874775,-0.019616027,1.428800435,EC_11261479,7.06E-09
EMT-Serie2-4-C1,E13,2,1.03246478,1.584454174,0.039907668,0.020033389,0.883928814,EC_11261479,2.12E-09
EMT-Serie2-4-C1,E14,2,1.012593328,0.956362592,0.189097598,0.089732888,0.789838337,EC_11261479,6.35E-10
EMT-Serie2-4-C2,E05,2,0.024432454,-0.528358977,-0.194312246,-0.183522232,-2.453734602,EC_11261479,3.23E-05
EMT-Serie2-4-C2,E06,2,0.884310052,0.067686349,0.612394051,0.278552746,0.029752066,EC_11261479,9.68E-06
EMT-Serie2-4-C2,E07,2,0.880088014,1.137914341,0.348307195,0.056669573,0.758833619,EC_11261479,2.90E-06
EMT-Serie2-4-C2,E08,2,0.978489006,1.074569963,0.20043839,0.159982563,0.570902854,EC_11261479,8.71E-07
EMT-Serie2-4-C2,E09,2,1.072600028,2.036233528,0.128383973,-0.031386225,0.934383284,EC_11261479,2.61E-07
EMT-Serie2-4-C2,E10,2,1.09663813,1.362864794,0.04852222,-0.019616391,1.063277717,EC_11261479,7.84E-08
EMT-Serie2-4-C2,E11,2,1.167774201,1.27827955,-0.060507961,-0.070183086,1.279931389,EC_11261479,2.35E-08
EMT-Serie2-4-C2,E12,2,1.188137127,1.070999561,-0.050915199,-0.085876199,1.453266802,EC_11261479,7.06E-09
EMT-Serie2-4-C2,E13,2,1.068147018,1.374196281,-0.011285865,-0.047079337,1.031280212,EC_11261479,2.12E-09
EMT-Serie2-4-C2,E14,2,1.174204063,1.102301094,0.003843359,-0.012641674,1.207048183,EC_11261479,6.35E-10
EMT-Serie2-4-C3,E05,2,0.023504196,-0.220964878,-0.204016806,-0.156666667,-2.018315406,EC_11261479,3.23E-05
EMT-Serie2-4-C3,E06,2,0.900651146,0.072589734,0.714891729,0.399583333,0.015117478,EC_11261479,9.68E-06
EMT-Serie2-4-C3,E07,2,0.999267044,0.881173292,0.398794059,0.21625,0.560800275,EC_11261479,2.90E-06
EMT-Serie2-4-C3,E08,2,1.208637035,0.921204168,0.10854916,0.0875,0.849221661,EC_11261479,8.71E-07
EMT-Serie2-4-C3,E09,2,1.079092615,1.19214203,0.165085422,0.099166667,0.770357058,EC_11261479,2.61E-07
EMT-Serie2-4-C3,E10,2,1.150655774,1.114658433,0.101269732,-0.007916667,1.041758068,EC_11261479,7.84E-08
EMT-Serie2-4-C3,E11,2,1.072747734,1.324708607,0.059783806,0.0325,0.855617517,EC_11261479,2.35E-08
EMT-Serie2-4-C3,E12,2,1.03008081,0.4653956,0.065745369,0.04625,1.168988028,EC_11261479,7.06E-09
EMT-Serie2-4-C3,E13,2,1.296099415,1.408506368,-0.019312738,-0.02,1.350529905,EC_11261479,2.12E-09
EMT-Serie2-4-C3,E14,2,1.058033087,0.970266306,-0.045630893,-0.019583333,0.943970188,EC_11261479,6.35E-10
EMT-Serie2-4-C1,J05,2,-0.011963483,-0.84309194,-0.205164827,-0.093071786,-2.409020514,EC_11191283,3.23E-05
EMT-Serie2-4-C1,J06,2,0.304794869,-0.110729922,0.111612205,0.356844741,-1.232332564,EC_11191283,9.68E-06
EMT-Serie2-4-C1,J07,2,0.530979586,0.192306036,0.489225997,0.491235392,-0.283331069,EC_11191283,2.90E-06
EMT-Serie2-4-C1,J08,2,0.718711013,0.274772124,0.11490875,0.075542571,0.373454694,EC_11191283,8.71E-07
EMT-Serie2-4-C1,J09,2,0.808820103,0.554223785,0.228918704,0.156928214,0.397119957,EC_11191283,2.61E-07
EMT-Serie2-4-C1,J10,2,0.970210635,0.878662169,0.001980812,-0.043823038,0.689797582,EC_11191283,7.84E-08
EMT-Serie2-4-C1,J11,2,1.042186757,1.003760856,0.020885811,0.074707846,0.801874745,EC_11191283,2.35E-08
EMT-Serie2-4-C1,J12,2,1.062072459,1.337558315,0.144843108,0.042570952,0.938894172,EC_11191283,7.06E-09
EMT-Serie2-4-C1,J13,2,1.172943618,1.416364028,0.093555507,0.106427379,0.887325092,EC_11191283,2.12E-09
EMT-Serie2-4-C1,J14,2,1.080607985,1.004866145,-0.075341557,-0.106010017,1.381062356,EC_11191283,6.35E-10
EMT-Serie2-4-C2,J05,2,-0.046226524,-0.391730586,-0.239215961,-0.098081953,-3.090285358,EC_11191283,3.23E-05
EMT-Serie2-4-C2,J06,2,0.197845096,-0.383651795,-0.035641533,0.419354839,-1.545111492,EC_11191283,9.68E-06
EMT-Serie2-4-C2,J07,2,0.501731613,0.167929923,0.41779292,0.397122929,-0.710276002,EC_11191283,2.90E-06
EMT-Serie2-4-C2,J08,2,0.57821741,-0.102028775,0.17725762,0.056669573,0.183533448,EC_11191283,8.71E-07
EMT-Serie2-4-C2,J09,2,0.711264247,0.213573579,0.119234962,0.091979076,0.212287541,EC_11191283,2.61E-07
EMT-Serie2-4-C2,J10,2,0.865017072,0.565515363,0.07300595,-0.026591107,0.963636364,EC_11191283,7.84E-08
EMT-Serie2-4-C2,J11,2,0.973692935,1.143073269,0.012858351,0.015693112,0.754467488,EC_11191283,2.35E-08
EMT-Serie2-4-C2,J12,2,1.001484337,0.852978109,-0.011102706,-0.100697472,1.23558397,EC_11191283,7.06E-09
EMT-Serie2-4-C2,J13,2,1.202511756,0.936292531,-0.036191009,0.010462075,1.122968969,EC_11191283,2.12E-09
EMT-Serie2-4-C2,J14,2,1.002652785,0.776411141,0.143307701,-0.007846556,0.923249649,EC_11191283,6.35E-10
EMT-Serie2-4-C3,J05,2,-0.043448373,-1.846530297,-0.213279556,-0.21625,-1.736527737,EC_11191283,3.23E-05
EMT-Serie2-4-C3,J06,2,0.341031839,-0.227448861,0.030834271,0.260833333,-1.283373418,EC_11191283,9.68E-06
EMT-Serie2-4-C3,J07,2,0.432577303,0.170497877,0.458773588,0.522916667,-0.590955943,EC_11191283,2.90E-06
EMT-Serie2-4-C3,J08,2,0.629453726,0.162253956,0.266917675,0.229166667,0.216666226,EC_11191283,8.71E-07
EMT-Serie2-4-C3,J09,2,0.807743421,0.595677345,0.258481309,0.21,0.319792795,EC_11191283,2.61E-07
EMT-Serie2-4-C3,J10,2,0.864654863,0.468761096,0.009651295,0.040416667,0.384887808,EC_11191283,7.84E-08
EMT-Serie2-4-C3,J11,2,0.97430582,0.944423003,0.086997935,0.038333333,0.604672675,EC_11191283,2.35E-08
EMT-Serie2-4-C3,J12,2,0.996620258,0.668930915,0.066136814,-0.021666667,0.87779158,EC_11191283,7.06E-09
EMT-Serie2-4-C3,J13,2,1.159284665,1.063388653,0.007675222,0.088333333,1.004915823,EC_11191283,2.12E-09
EMT-Serie2-4-C3,J14,2,0.963940786,1.02420687,-0.064289774,-0.005,0.933689246,EC_11191283,6.35E-10
EMT-Serie2-4-C1,C05,2,0.068642008,4.956018087,0.13574551,-0.668196995,-1.566471947,EC_11192049,3.23E-05
EMT-Serie2-4-C1,C06,2,0.571370859,0.467580564,0.788751353,0.411101836,-0.293003668,EC_11192049,9.68E-06
EMT-Serie2-4-C1,C07,2,0.630529219,0.264408239,0.498078338,0.308013356,-0.201983426,EC_11192049,2.90E-06
EMT-Serie2-4-C1,C08,2,1.071933373,1.287418359,0.112606218,0.053422371,0.583534846,EC_11192049,8.71E-07
EMT-Serie2-4-C1,C09,2,1.05796137,1.139639704,0.011599221,0.061352254,0.88588507,EC_11192049,2.61E-07
EMT-Serie2-4-C1,C10,2,0.842439123,1.337242518,0.225343721,0.138564274,0.730389893,EC_11192049,7.84E-08
EMT-Serie2-4-C1,C11,2,1.329941625,1.328802124,-0.06316526,-0.102671119,1.354897432,EC_11192049,2.35E-08
EMT-Serie2-4-C1,C12,2,1.130924297,1.335319027,-0.027373584,0.024624374,1.057573699,EC_11192049,7.06E-09
EMT-Serie2-4-C1,C13,2,1.081092481,1.023110601,-0.031671355,-0.026711185,1.088737943,EC_11192049,2.12E-09
EMT-Serie2-4-C1,C14,2,1.197054408,1.682925429,0.008829258,-0.017529215,1.158185029,EC_11192049,6.35E-10
EMT-Serie2-4-C2,C05,2,-0.050937544,10.12561461,-0.050691834,-0.848735833,-0.717667238,EC_11192049,3.23E-05
EMT-Serie2-4-C2,C06,2,0.744632951,0.306782251,0.782456355,0.363993025,-0.26530485,EC_11192049,9.68E-06
EMT-Serie2-4-C2,C07,2,0.724517981,0.503305648,0.500674561,0.273757629,-0.051364416,EC_11192049,2.90E-06
EMT-Serie2-4-C2,C08,2,0.799060894,0.570447359,0.161386826,0.072362685,0.505223764,EC_11192049,8.71E-07
EMT-Serie2-4-C2,C09,2,1.130815237,1.564214285,0.020918832,-0.058413252,0.90656479,EC_11192049,2.61E-07
EMT-Serie2-4-C2,C10,2,1.179095241,1.145539267,-0.0314259,-0.064516129,1.44378606,EC_11192049,7.84E-08
EMT-Serie2-4-C2,C11,2,1.154995999,0.977548828,0.024775593,-0.163469922,1.36366755,EC_11192049,2.35E-08
EMT-Serie2-4-C2,C12,2,1.060025624,1.249080924,-0.048464146,-0.030950305,1.446405738,EC_11192049,7.06E-09
EMT-Serie2-4-C2,C13,2,1.321832724,1.31309097,-0.015699548,-0.091543156,1.284016841,EC_11192049,2.12E-09
EMT-Serie2-4-C2,C14,2,0.888148268,0.74187204,0.014523161,-0.066259808,1.262310931,EC_11192049,6.35E-10
EMT-Serie2-4-C3,C05,2,-0.026938835,8.411964492,-0.1260714,-0.74,-0.962100589,EC_11192049,3.23E-05
EMT-Serie2-4-C3,C06,2,0.603537438,0.852504824,0.783861446,0.34875,-0.041097339,EC_11192049,9.68E-06
EMT-Serie2-4-C3,C07,2,0.857588131,-0.226260131,0.472045025,0.221666667,0.156037741,EC_11192049,2.90E-06
EMT-Serie2-4-C3,C08,2,1.030469499,1.534249325,0.159538501,0.047083333,0.595924624,EC_11192049,8.71E-07
EMT-Serie2-4-C3,C09,2,1.082583411,0.884909301,0.024307287,0.0675,0.981446732,EC_11192049,2.61E-07
EMT-Serie2-4-C3,C10,2,1.10887358,1.24500193,-0.023391016,-0.062083333,1.191928536,EC_11192049,7.84E-08
EMT-Serie2-4-C3,C11,2,1.269638964,1.206144346,-0.02941927,-0.0325,1.415413484,EC_11192049,2.35E-08
EMT-Serie2-4-C3,C12,2,1.000836606,0.996758008,0.137479848,0.06875,0.940983693,EC_11192049,7.06E-09
EMT-Serie2-4-C3,C13,2,1.133112953,0.809262833,0.005296106,-0.099166667,1.200835161,EC_11192049,2.12E-09
EMT-Serie2-4-C3,C14,2,1.144958706,1.313500579,0.054571788,-0.000833333,1.110447446,EC_11192049,6.35E-10
EMT-Serie2-2-C1,P05,2,0.008583375,2.913890635,0.77922784,-0.2776668,-4.4050709,EC_11259640,3.23E-05
EMT-Serie2-2-C1,P06,2,0.481965065,0.020731534,0.958877228,0.861765881,-0.797519193,EC_11259640,9.68E-06
EMT-Serie2-2-C1,P07,2,0.490897281,0.548346546,0.479745327,0.405912905,-0.408240212,EC_11259640,2.90E-06
EMT-Serie2-2-C1,P08,2,0.536198972,0.593661929,0.145560659,0.233719537,0.102073714,EC_11259640,8.71E-07
EMT-Serie2-2-C1,P09,2,0.678885031,1.047342917,-0.129018519,-0.084298841,0.607497063,EC_11259640,2.61E-07
EMT-Serie2-2-C1,P10,2,0.75158202,0.774335476,-0.124233218,-0.077906512,0.56607743,EC_11259640,7.84E-08
EMT-Serie2-2-C1,P11,2,0.748303425,0.972222785,-0.069341803,-0.0135837,0.667877927,EC_11259640,2.35E-08
EMT-Serie2-2-C1,P12,2,0.714549553,1.201739624,-0.08761956,-0.018777467,0.514767356,EC_11259640,7.06E-09
EMT-Serie2-2-C1,P13,2,0.722961445,1.148009975,-0.100023258,0.035557331,0.419442092,EC_11259640,2.12E-09
EMT-Serie2-2-C1,P14,2,0.906045289,1.041564445,-0.129210396,-0.097882541,0.719734433,EC_11259640,6.35E-10
EMT-Serie2-2-C2,P05,2,-0.026669694,4.090479711,0.338520781,-0.66611977,-2.834687007,EC_11259640,3.23E-05
EMT-Serie2-2-C2,P06,2,0.529096182,-0.104406458,0.979006626,0.882280558,-0.62294889,EC_11259640,9.68E-06
EMT-Serie2-2-C2,P07,2,0.412134197,0.584779898,0.734678679,0.420836751,-0.334486899,EC_11259640,2.90E-06
EMT-Serie2-2-C2,P08,2,0.601347476,1.191465178,0.117534952,0.031993437,-0.006921393,EC_11259640,8.71E-07
EMT-Serie2-2-C2,P09,2,0.576655467,1.014125385,-0.034582829,-0.019688269,0.24436754,EC_11259640,2.61E-07
EMT-Serie2-2-C2,P10,2,0.609802181,1.150744342,-0.087451202,-0.094749795,0.211997081,EC_11259640,7.84E-08
EMT-Serie2-2-C2,P11,2,1.031670596,1.085193727,-0.143322221,-0.191550451,0.962874026,EC_11259640,2.35E-08
EMT-Serie2-2-C2,P12,2,0.634933886,1.10240904,-0.028014453,-0.073010664,0.610471549,EC_11259640,7.06E-09
EMT-Serie2-2-C2,P13,2,0.694971084,1.15239966,0.035634943,0.148892535,0.20936036,EC_11259640,2.12E-09
EMT-Serie2-2-C2,P14,2,0.661723868,1.031340698,-0.092193399,-0.09926169,0.410174918,EC_11259640,6.35E-10
EMT-Serie2-2-C3,P05,2,-0.01862978,3.677599289,0.454314724,-0.524098825,-3.880525379,EC_11259640,3.23E-05
EMT-Serie2-2-C3,P06,2,0.441778267,0.051679736,0.909585566,0.916970433,-0.819067241,EC_11259640,9.68E-06
EMT-Serie2-2-C3,P07,2,0.504029673,0.827187583,0.564407618,0.441474281,-0.330984267,EC_11259640,2.90E-06
EMT-Serie2-2-C3,P08,2,0.544401869,1.026757977,0.166710105,0.236127987,-0.078291815,EC_11259640,8.71E-07
EMT-Serie2-2-C3,P09,2,0.961908256,1.282315714,-0.111849028,-0.206561361,0.912530436,EC_11259640,2.61E-07
EMT-Serie2-2-C3,P10,2,0.811427983,1.304257948,0.072476777,0.068853787,0.596858026,EC_11259640,7.84E-08
EMT-Serie2-2-C3,P11,2,0.819624483,1.188195078,-0.098383938,-0.057513163,0.715583443,EC_11259640,2.35E-08
EMT-Serie2-2-C3,P12,2,0.846133503,1.373318243,-0.005942981,-0.089509923,0.929715302,EC_11259640,7.06E-09
EMT-Serie2-2-C3,P13,2,0.749763916,1.685590881,-0.111132637,-0.076954232,0.695050571,EC_11259640,2.12E-09
EMT-Serie2-2-C3,P14,2,0.857040295,1.195008719,-0.052073563,0.05346294,0.406419742,EC_11259640,6.35E-10
