COMPOUND_MASK,BATCH_MASK,plaque Cpds,plaque cellules,Well,Plate_Sanofi
EC_11187255,EB_11187257,2200116202a,EMT-Serie2-1,A05,EMT-Serie2-1-C2
EC_11187255,EB_11187257,2200116202a,EMT-Serie2-1,A06,EMT-Serie2-1-C2
EC_11187255,EB_11187257,2200116202a,EMT-Serie2-1,A07,EMT-Serie2-1-C2
EC_11187255,EB_11187257,2200116202a,EMT-Serie2-1,A08,EMT-Serie2-1-C2
EC_11187255,EB_11187257,2200116202a,EMT-Serie2-1,A09,EMT-Serie2-1-C2
EC_11187255,EB_11187257,2200116202a,EMT-Serie2-1,A10,EMT-Serie2-1-C2
EC_11187255,EB_11187257,2200116202a,EMT-Serie2-1,A11,EMT-Serie2-1-C2
EC_11187255,EB_11187257,2200116202a,EMT-Serie2-1,A12,EMT-Serie2-1-C2
EC_11187255,EB_11187257,2200116202a,EMT-Serie2-1,A13,EMT-Serie2-1-C2
EC_11187255,EB_11187257,2200116202a,EMT-Serie2-1,A14,EMT-Serie2-1-C2
EC_2077640,EB_2077642,2200116202a,EMT-Serie2-1,A15,EMT-Serie2-1-C2
EC_2077640,EB_2077642,2200116202a,EMT-Serie2-1,A16,EMT-Serie2-1-C2
EC_2077640,EB_2077642,2200116202a,EMT-Serie2-1,A17,EMT-Serie2-1-C2
EC_2077640,EB_2077642,2200116202a,EMT-Serie2-1,A18,EMT-Serie2-1-C2
EC_2077640,EB_2077642,2200116202a,EMT-Serie2-1,A19,EMT-Serie2-1-C2
EC_2077640,EB_2077642,2200116202a,EMT-Serie2-1,A20,EMT-Serie2-1-C2
EC_2077640,EB_2077642,2200116202a,EMT-Serie2-1,A21,EMT-Serie2-1-C2
EC_2077640,EB_2077642,2200116202a,EMT-Serie2-1,A22,EMT-Serie2-1-C2
EC_2077640,EB_2077642,2200116202a,EMT-Serie2-1,A23,EMT-Serie2-1-C2
EC_2077640,EB_2077642,2200116202a,EMT-Serie2-1,A24,EMT-Serie2-1-C2
EC_11191498,EB_11191501,2200116202a,EMT-Serie2-1,B05,EMT-Serie2-1-C2
EC_11191498,EB_11191501,2200116202a,EMT-Serie2-1,B06,EMT-Serie2-1-C2
EC_11191498,EB_11191501,2200116202a,EMT-Serie2-1,B07,EMT-Serie2-1-C2
EC_11191498,EB_11191501,2200116202a,EMT-Serie2-1,B08,EMT-Serie2-1-C2
EC_11191498,EB_11191501,2200116202a,EMT-Serie2-1,B09,EMT-Serie2-1-C2
EC_11191498,EB_11191501,2200116202a,EMT-Serie2-1,B10,EMT-Serie2-1-C2
EC_11191498,EB_11191501,2200116202a,EMT-Serie2-1,B11,EMT-Serie2-1-C2
EC_11191498,EB_11191501,2200116202a,EMT-Serie2-1,B12,EMT-Serie2-1-C2
EC_11191498,EB_11191501,2200116202a,EMT-Serie2-1,B13,EMT-Serie2-1-C2
EC_11191498,EB_11191501,2200116202a,EMT-Serie2-1,B14,EMT-Serie2-1-C2
EC_11189194,EB_11189197,2200116202a,EMT-Serie2-1,B15,EMT-Serie2-1-C2
EC_11189194,EB_11189197,2200116202a,EMT-Serie2-1,B16,EMT-Serie2-1-C2
EC_11189194,EB_11189197,2200116202a,EMT-Serie2-1,B17,EMT-Serie2-1-C2
EC_11189194,EB_11189197,2200116202a,EMT-Serie2-1,B18,EMT-Serie2-1-C2
EC_11189194,EB_11189197,2200116202a,EMT-Serie2-1,B19,EMT-Serie2-1-C2
EC_11189194,EB_11189197,2200116202a,EMT-Serie2-1,B20,EMT-Serie2-1-C2
EC_11189194,EB_11189197,2200116202a,EMT-Serie2-1,B21,EMT-Serie2-1-C2
EC_11189194,EB_11189197,2200116202a,EMT-Serie2-1,B22,EMT-Serie2-1-C2
EC_11189194,EB_11189197,2200116202a,EMT-Serie2-1,B23,EMT-Serie2-1-C2
EC_11189194,EB_11189197,2200116202a,EMT-Serie2-1,B24,EMT-Serie2-1-C2
EC_11190878,EB_11190883,2200116202a,EMT-Serie2-1,C05,EMT-Serie2-1-C2
EC_11190878,EB_11190883,2200116202a,EMT-Serie2-1,C06,EMT-Serie2-1-C2
EC_11190878,EB_11190883,2200116202a,EMT-Serie2-1,C07,EMT-Serie2-1-C2
EC_11190878,EB_11190883,2200116202a,EMT-Serie2-1,C08,EMT-Serie2-1-C2
EC_11190878,EB_11190883,2200116202a,EMT-Serie2-1,C09,EMT-Serie2-1-C2
EC_11190878,EB_11190883,2200116202a,EMT-Serie2-1,C10,EMT-Serie2-1-C2
EC_11190878,EB_11190883,2200116202a,EMT-Serie2-1,C11,EMT-Serie2-1-C2
EC_11190878,EB_11190883,2200116202a,EMT-Serie2-1,C12,EMT-Serie2-1-C2
EC_11190878,EB_11190883,2200116202a,EMT-Serie2-1,C13,EMT-Serie2-1-C2
EC_11190878,EB_11190883,2200116202a,EMT-Serie2-1,C14,EMT-Serie2-1-C2
EC_11176960,EB_11176962,2200116202a,EMT-Serie2-1,C15,EMT-Serie2-1-C2
EC_11176960,EB_11176962,2200116202a,EMT-Serie2-1,C16,EMT-Serie2-1-C2
EC_11176960,EB_11176962,2200116202a,EMT-Serie2-1,C17,EMT-Serie2-1-C2
EC_11176960,EB_11176962,2200116202a,EMT-Serie2-1,C18,EMT-Serie2-1-C2
EC_11176960,EB_11176962,2200116202a,EMT-Serie2-1,C19,EMT-Serie2-1-C2
EC_11176960,EB_11176962,2200116202a,EMT-Serie2-1,C20,EMT-Serie2-1-C2
EC_11176960,EB_11176962,2200116202a,EMT-Serie2-1,C21,EMT-Serie2-1-C2
EC_11176960,EB_11176962,2200116202a,EMT-Serie2-1,C22,EMT-Serie2-1-C2
EC_11176960,EB_11176962,2200116202a,EMT-Serie2-1,C23,EMT-Serie2-1-C2
EC_11176960,EB_11176962,2200116202a,EMT-Serie2-1,C24,EMT-Serie2-1-C2
EC_11193483,EB_11193485,2200116202a,EMT-Serie2-1,D05,EMT-Serie2-1-C2
EC_11193483,EB_11193485,2200116202a,EMT-Serie2-1,D06,EMT-Serie2-1-C2
EC_11193483,EB_11193485,2200116202a,EMT-Serie2-1,D07,EMT-Serie2-1-C2
EC_11193483,EB_11193485,2200116202a,EMT-Serie2-1,D08,EMT-Serie2-1-C2
EC_11193483,EB_11193485,2200116202a,EMT-Serie2-1,D09,EMT-Serie2-1-C2
EC_11193483,EB_11193485,2200116202a,EMT-Serie2-1,D10,EMT-Serie2-1-C2
EC_11193483,EB_11193485,2200116202a,EMT-Serie2-1,D11,EMT-Serie2-1-C2
EC_11193483,EB_11193485,2200116202a,EMT-Serie2-1,D12,EMT-Serie2-1-C2
EC_11193483,EB_11193485,2200116202a,EMT-Serie2-1,D13,EMT-Serie2-1-C2
EC_11193483,EB_11193485,2200116202a,EMT-Serie2-1,D14,EMT-Serie2-1-C2
EC_11262262,EB_11262264,2200116202a,EMT-Serie2-1,D15,EMT-Serie2-1-C2
EC_11262262,EB_11262264,2200116202a,EMT-Serie2-1,D16,EMT-Serie2-1-C2
EC_11262262,EB_11262264,2200116202a,EMT-Serie2-1,D17,EMT-Serie2-1-C2
EC_11262262,EB_11262264,2200116202a,EMT-Serie2-1,D18,EMT-Serie2-1-C2
EC_11262262,EB_11262264,2200116202a,EMT-Serie2-1,D19,EMT-Serie2-1-C2
EC_11262262,EB_11262264,2200116202a,EMT-Serie2-1,D20,EMT-Serie2-1-C2
EC_11262262,EB_11262264,2200116202a,EMT-Serie2-1,D21,EMT-Serie2-1-C2
EC_11262262,EB_11262264,2200116202a,EMT-Serie2-1,D22,EMT-Serie2-1-C2
EC_11262262,EB_11262264,2200116202a,EMT-Serie2-1,D23,EMT-Serie2-1-C2
EC_11262262,EB_11262264,2200116202a,EMT-Serie2-1,D24,EMT-Serie2-1-C2
EC_11190059,EB_11190061,2200116202a,EMT-Serie2-1,E05,EMT-Serie2-1-C2
EC_11190059,EB_11190061,2200116202a,EMT-Serie2-1,E06,EMT-Serie2-1-C2
EC_11190059,EB_11190061,2200116202a,EMT-Serie2-1,E07,EMT-Serie2-1-C2
EC_11190059,EB_11190061,2200116202a,EMT-Serie2-1,E08,EMT-Serie2-1-C2
EC_11190059,EB_11190061,2200116202a,EMT-Serie2-1,E09,EMT-Serie2-1-C2
EC_11190059,EB_11190061,2200116202a,EMT-Serie2-1,E10,EMT-Serie2-1-C2
EC_11190059,EB_11190061,2200116202a,EMT-Serie2-1,E11,EMT-Serie2-1-C2
EC_11190059,EB_11190061,2200116202a,EMT-Serie2-1,E12,EMT-Serie2-1-C2
EC_11190059,EB_11190061,2200116202a,EMT-Serie2-1,E13,EMT-Serie2-1-C2
EC_11190059,EB_11190061,2200116202a,EMT-Serie2-1,E14,EMT-Serie2-1-C2
EC_11189738,EB_11189740,2200116202a,EMT-Serie2-1,E15,EMT-Serie2-1-C2
EC_11189738,EB_11189740,2200116202a,EMT-Serie2-1,E16,EMT-Serie2-1-C2
EC_11189738,EB_11189740,2200116202a,EMT-Serie2-1,E17,EMT-Serie2-1-C2
EC_11189738,EB_11189740,2200116202a,EMT-Serie2-1,E18,EMT-Serie2-1-C2
EC_11189738,EB_11189740,2200116202a,EMT-Serie2-1,E19,EMT-Serie2-1-C2
EC_11189738,EB_11189740,2200116202a,EMT-Serie2-1,E20,EMT-Serie2-1-C2
EC_11189738,EB_11189740,2200116202a,EMT-Serie2-1,E21,EMT-Serie2-1-C2
EC_11189738,EB_11189740,2200116202a,EMT-Serie2-1,E22,EMT-Serie2-1-C2
EC_11189738,EB_11189740,2200116202a,EMT-Serie2-1,E23,EMT-Serie2-1-C2
EC_11189738,EB_11189740,2200116202a,EMT-Serie2-1,E24,EMT-Serie2-1-C2
EC_11259170,EB_11259172,2200116202a,EMT-Serie2-1,F05,EMT-Serie2-1-C2
EC_11259170,EB_11259172,2200116202a,EMT-Serie2-1,F06,EMT-Serie2-1-C2
EC_11259170,EB_11259172,2200116202a,EMT-Serie2-1,F07,EMT-Serie2-1-C2
EC_11259170,EB_11259172,2200116202a,EMT-Serie2-1,F08,EMT-Serie2-1-C2
EC_11259170,EB_11259172,2200116202a,EMT-Serie2-1,F09,EMT-Serie2-1-C2
EC_11259170,EB_11259172,2200116202a,EMT-Serie2-1,F10,EMT-Serie2-1-C2
EC_11259170,EB_11259172,2200116202a,EMT-Serie2-1,F11,EMT-Serie2-1-C2
EC_11259170,EB_11259172,2200116202a,EMT-Serie2-1,F12,EMT-Serie2-1-C2
EC_11259170,EB_11259172,2200116202a,EMT-Serie2-1,F13,EMT-Serie2-1-C2
EC_11259170,EB_11259172,2200116202a,EMT-Serie2-1,F14,EMT-Serie2-1-C2
EC_11188498,EB_11188500,2200116202a,EMT-Serie2-1,F15,EMT-Serie2-1-C2
EC_11188498,EB_11188500,2200116202a,EMT-Serie2-1,F16,EMT-Serie2-1-C2
EC_11188498,EB_11188500,2200116202a,EMT-Serie2-1,F17,EMT-Serie2-1-C2
EC_11188498,EB_11188500,2200116202a,EMT-Serie2-1,F18,EMT-Serie2-1-C2
EC_11188498,EB_11188500,2200116202a,EMT-Serie2-1,F19,EMT-Serie2-1-C2
EC_11188498,EB_11188500,2200116202a,EMT-Serie2-1,F20,EMT-Serie2-1-C2
EC_11188498,EB_11188500,2200116202a,EMT-Serie2-1,F21,EMT-Serie2-1-C2
EC_11188498,EB_11188500,2200116202a,EMT-Serie2-1,F22,EMT-Serie2-1-C2
EC_11188498,EB_11188500,2200116202a,EMT-Serie2-1,F23,EMT-Serie2-1-C2
EC_11188498,EB_11188500,2200116202a,EMT-Serie2-1,F24,EMT-Serie2-1-C2
EC_11192169,EB_11192171,2200116202a,EMT-Serie2-1,G05,EMT-Serie2-1-C2
EC_11192169,EB_11192171,2200116202a,EMT-Serie2-1,G06,EMT-Serie2-1-C2
EC_11192169,EB_11192171,2200116202a,EMT-Serie2-1,G07,EMT-Serie2-1-C2
EC_11192169,EB_11192171,2200116202a,EMT-Serie2-1,G08,EMT-Serie2-1-C2
EC_11192169,EB_11192171,2200116202a,EMT-Serie2-1,G09,EMT-Serie2-1-C2
EC_11192169,EB_11192171,2200116202a,EMT-Serie2-1,G10,EMT-Serie2-1-C2
EC_11192169,EB_11192171,2200116202a,EMT-Serie2-1,G11,EMT-Serie2-1-C2
EC_11192169,EB_11192171,2200116202a,EMT-Serie2-1,G12,EMT-Serie2-1-C2
EC_11192169,EB_11192171,2200116202a,EMT-Serie2-1,G13,EMT-Serie2-1-C2
EC_11192169,EB_11192171,2200116202a,EMT-Serie2-1,G14,EMT-Serie2-1-C2
EC_11191643,EB_11191645,2200116202a,EMT-Serie2-1,G15,EMT-Serie2-1-C2
EC_11191643,EB_11191645,2200116202a,EMT-Serie2-1,G16,EMT-Serie2-1-C2
EC_11191643,EB_11191645,2200116202a,EMT-Serie2-1,G17,EMT-Serie2-1-C2
EC_11191643,EB_11191645,2200116202a,EMT-Serie2-1,G18,EMT-Serie2-1-C2
EC_11191643,EB_11191645,2200116202a,EMT-Serie2-1,G19,EMT-Serie2-1-C2
EC_11191643,EB_11191645,2200116202a,EMT-Serie2-1,G20,EMT-Serie2-1-C2
EC_11191643,EB_11191645,2200116202a,EMT-Serie2-1,G21,EMT-Serie2-1-C2
EC_11191643,EB_11191645,2200116202a,EMT-Serie2-1,G22,EMT-Serie2-1-C2
EC_11191643,EB_11191645,2200116202a,EMT-Serie2-1,G23,EMT-Serie2-1-C2
EC_11191643,EB_11191645,2200116202a,EMT-Serie2-1,G24,EMT-Serie2-1-C2
EC_11258805,EB_11258807,2200116202a,EMT-Serie2-1,H05,EMT-Serie2-1-C2
EC_11258805,EB_11258807,2200116202a,EMT-Serie2-1,H06,EMT-Serie2-1-C2
EC_11258805,EB_11258807,2200116202a,EMT-Serie2-1,H07,EMT-Serie2-1-C2
EC_11258805,EB_11258807,2200116202a,EMT-Serie2-1,H08,EMT-Serie2-1-C2
EC_11258805,EB_11258807,2200116202a,EMT-Serie2-1,H09,EMT-Serie2-1-C2
EC_11258805,EB_11258807,2200116202a,EMT-Serie2-1,H10,EMT-Serie2-1-C2
EC_11258805,EB_11258807,2200116202a,EMT-Serie2-1,H11,EMT-Serie2-1-C2
EC_11258805,EB_11258807,2200116202a,EMT-Serie2-1,H12,EMT-Serie2-1-C2
EC_11258805,EB_11258807,2200116202a,EMT-Serie2-1,H13,EMT-Serie2-1-C2
EC_11258805,EB_11258807,2200116202a,EMT-Serie2-1,H14,EMT-Serie2-1-C2
EC_11188360,EB_11188362,2200116202a,EMT-Serie2-1,H15,EMT-Serie2-1-C2
EC_11188360,EB_11188362,2200116202a,EMT-Serie2-1,H16,EMT-Serie2-1-C2
EC_11188360,EB_11188362,2200116202a,EMT-Serie2-1,H17,EMT-Serie2-1-C2
EC_11188360,EB_11188362,2200116202a,EMT-Serie2-1,H18,EMT-Serie2-1-C2
EC_11188360,EB_11188362,2200116202a,EMT-Serie2-1,H19,EMT-Serie2-1-C2
EC_11188360,EB_11188362,2200116202a,EMT-Serie2-1,H20,EMT-Serie2-1-C2
EC_11188360,EB_11188362,2200116202a,EMT-Serie2-1,H21,EMT-Serie2-1-C2
EC_11188360,EB_11188362,2200116202a,EMT-Serie2-1,H22,EMT-Serie2-1-C2
EC_11188360,EB_11188362,2200116202a,EMT-Serie2-1,H23,EMT-Serie2-1-C2
EC_11188360,EB_11188362,2200116202a,EMT-Serie2-1,H24,EMT-Serie2-1-C2
EC_11281652,EB_11281654,2200116202a,EMT-Serie2-1,I05,EMT-Serie2-1-C2
EC_11281652,EB_11281654,2200116202a,EMT-Serie2-1,I06,EMT-Serie2-1-C2
EC_11281652,EB_11281654,2200116202a,EMT-Serie2-1,I07,EMT-Serie2-1-C2
EC_11281652,EB_11281654,2200116202a,EMT-Serie2-1,I08,EMT-Serie2-1-C2
EC_11281652,EB_11281654,2200116202a,EMT-Serie2-1,I09,EMT-Serie2-1-C2
EC_11281652,EB_11281654,2200116202a,EMT-Serie2-1,I10,EMT-Serie2-1-C2
EC_11281652,EB_11281654,2200116202a,EMT-Serie2-1,I11,EMT-Serie2-1-C2
EC_11281652,EB_11281654,2200116202a,EMT-Serie2-1,I12,EMT-Serie2-1-C2
EC_11281652,EB_11281654,2200116202a,EMT-Serie2-1,I13,EMT-Serie2-1-C2
EC_11281652,EB_11281654,2200116202a,EMT-Serie2-1,I14,EMT-Serie2-1-C2
EC_11190481,EB_11190483,2200116202a,EMT-Serie2-1,I15,EMT-Serie2-1-C2
EC_11190481,EB_11190483,2200116202a,EMT-Serie2-1,I16,EMT-Serie2-1-C2
EC_11190481,EB_11190483,2200116202a,EMT-Serie2-1,I17,EMT-Serie2-1-C2
EC_11190481,EB_11190483,2200116202a,EMT-Serie2-1,I18,EMT-Serie2-1-C2
EC_11190481,EB_11190483,2200116202a,EMT-Serie2-1,I19,EMT-Serie2-1-C2
EC_11190481,EB_11190483,2200116202a,EMT-Serie2-1,I20,EMT-Serie2-1-C2
EC_11190481,EB_11190483,2200116202a,EMT-Serie2-1,I21,EMT-Serie2-1-C2
EC_11190481,EB_11190483,2200116202a,EMT-Serie2-1,I22,EMT-Serie2-1-C2
EC_11190481,EB_11190483,2200116202a,EMT-Serie2-1,I23,EMT-Serie2-1-C2
EC_11190481,EB_11190483,2200116202a,EMT-Serie2-1,I24,EMT-Serie2-1-C2
EC_11265529,EB_11265531,2200116202a,EMT-Serie2-1,J05,EMT-Serie2-1-C2
EC_11265529,EB_11265531,2200116202a,EMT-Serie2-1,J06,EMT-Serie2-1-C2
EC_11265529,EB_11265531,2200116202a,EMT-Serie2-1,J07,EMT-Serie2-1-C2
EC_11265529,EB_11265531,2200116202a,EMT-Serie2-1,J08,EMT-Serie2-1-C2
EC_11265529,EB_11265531,2200116202a,EMT-Serie2-1,J09,EMT-Serie2-1-C2
EC_11265529,EB_11265531,2200116202a,EMT-Serie2-1,J10,EMT-Serie2-1-C2
EC_11265529,EB_11265531,2200116202a,EMT-Serie2-1,J11,EMT-Serie2-1-C2
EC_11265529,EB_11265531,2200116202a,EMT-Serie2-1,J12,EMT-Serie2-1-C2
EC_11265529,EB_11265531,2200116202a,EMT-Serie2-1,J13,EMT-Serie2-1-C2
EC_11265529,EB_11265531,2200116202a,EMT-Serie2-1,J14,EMT-Serie2-1-C2
EC_11261632,EB_11261636,2200116202a,EMT-Serie2-1,J15,EMT-Serie2-1-C2
EC_11261632,EB_11261636,2200116202a,EMT-Serie2-1,J16,EMT-Serie2-1-C2
EC_11261632,EB_11261636,2200116202a,EMT-Serie2-1,J17,EMT-Serie2-1-C2
EC_11261632,EB_11261636,2200116202a,EMT-Serie2-1,J18,EMT-Serie2-1-C2
EC_11261632,EB_11261636,2200116202a,EMT-Serie2-1,J19,EMT-Serie2-1-C2
EC_11261632,EB_11261636,2200116202a,EMT-Serie2-1,J20,EMT-Serie2-1-C2
EC_11261632,EB_11261636,2200116202a,EMT-Serie2-1,J21,EMT-Serie2-1-C2
EC_11261632,EB_11261636,2200116202a,EMT-Serie2-1,J22,EMT-Serie2-1-C2
EC_11261632,EB_11261636,2200116202a,EMT-Serie2-1,J23,EMT-Serie2-1-C2
EC_11261632,EB_11261636,2200116202a,EMT-Serie2-1,J24,EMT-Serie2-1-C2
EC_11281741,EB_11281743,2200116202a,EMT-Serie2-1,K05,EMT-Serie2-1-C2
EC_11281741,EB_11281743,2200116202a,EMT-Serie2-1,K06,EMT-Serie2-1-C2
EC_11281741,EB_11281743,2200116202a,EMT-Serie2-1,K07,EMT-Serie2-1-C2
EC_11281741,EB_11281743,2200116202a,EMT-Serie2-1,K08,EMT-Serie2-1-C2
EC_11281741,EB_11281743,2200116202a,EMT-Serie2-1,K09,EMT-Serie2-1-C2
EC_11281741,EB_11281743,2200116202a,EMT-Serie2-1,K10,EMT-Serie2-1-C2
EC_11281741,EB_11281743,2200116202a,EMT-Serie2-1,K11,EMT-Serie2-1-C2
EC_11281741,EB_11281743,2200116202a,EMT-Serie2-1,K12,EMT-Serie2-1-C2
EC_11281741,EB_11281743,2200116202a,EMT-Serie2-1,K13,EMT-Serie2-1-C2
EC_11281741,EB_11281743,2200116202a,EMT-Serie2-1,K14,EMT-Serie2-1-C2
EC_11259165,EB_11259167,2200116202a,EMT-Serie2-1,K15,EMT-Serie2-1-C2
EC_11259165,EB_11259167,2200116202a,EMT-Serie2-1,K16,EMT-Serie2-1-C2
EC_11259165,EB_11259167,2200116202a,EMT-Serie2-1,K17,EMT-Serie2-1-C2
EC_11259165,EB_11259167,2200116202a,EMT-Serie2-1,K18,EMT-Serie2-1-C2
EC_11259165,EB_11259167,2200116202a,EMT-Serie2-1,K19,EMT-Serie2-1-C2
EC_11259165,EB_11259167,2200116202a,EMT-Serie2-1,K20,EMT-Serie2-1-C2
EC_11259165,EB_11259167,2200116202a,EMT-Serie2-1,K21,EMT-Serie2-1-C2
EC_11259165,EB_11259167,2200116202a,EMT-Serie2-1,K22,EMT-Serie2-1-C2
EC_11259165,EB_11259167,2200116202a,EMT-Serie2-1,K23,EMT-Serie2-1-C2
EC_11259165,EB_11259167,2200116202a,EMT-Serie2-1,K24,EMT-Serie2-1-C2
EC_11265537,EB_11265539,2200116202a,EMT-Serie2-1,L05,EMT-Serie2-1-C2
EC_11265537,EB_11265539,2200116202a,EMT-Serie2-1,L06,EMT-Serie2-1-C2
EC_11265537,EB_11265539,2200116202a,EMT-Serie2-1,L07,EMT-Serie2-1-C2
EC_11265537,EB_11265539,2200116202a,EMT-Serie2-1,L08,EMT-Serie2-1-C2
EC_11265537,EB_11265539,2200116202a,EMT-Serie2-1,L09,EMT-Serie2-1-C2
EC_11265537,EB_11265539,2200116202a,EMT-Serie2-1,L10,EMT-Serie2-1-C2
EC_11265537,EB_11265539,2200116202a,EMT-Serie2-1,L11,EMT-Serie2-1-C2
EC_11265537,EB_11265539,2200116202a,EMT-Serie2-1,L12,EMT-Serie2-1-C2
EC_11265537,EB_11265539,2200116202a,EMT-Serie2-1,L13,EMT-Serie2-1-C2
EC_11265537,EB_11265539,2200116202a,EMT-Serie2-1,L14,EMT-Serie2-1-C2
EC_11189359,EB_11189361,2200116202a,EMT-Serie2-1,L15,EMT-Serie2-1-C2
EC_11189359,EB_11189361,2200116202a,EMT-Serie2-1,L16,EMT-Serie2-1-C2
EC_11189359,EB_11189361,2200116202a,EMT-Serie2-1,L17,EMT-Serie2-1-C2
EC_11189359,EB_11189361,2200116202a,EMT-Serie2-1,L18,EMT-Serie2-1-C2
EC_11189359,EB_11189361,2200116202a,EMT-Serie2-1,L19,EMT-Serie2-1-C2
EC_11189359,EB_11189361,2200116202a,EMT-Serie2-1,L20,EMT-Serie2-1-C2
EC_11189359,EB_11189361,2200116202a,EMT-Serie2-1,L21,EMT-Serie2-1-C2
EC_11189359,EB_11189361,2200116202a,EMT-Serie2-1,L22,EMT-Serie2-1-C2
EC_11189359,EB_11189361,2200116202a,EMT-Serie2-1,L23,EMT-Serie2-1-C2
EC_11189359,EB_11189361,2200116202a,EMT-Serie2-1,L24,EMT-Serie2-1-C2
EC_11257101,EB_11257103,2200116202a,EMT-Serie2-1,M05,EMT-Serie2-1-C2
EC_11257101,EB_11257103,2200116202a,EMT-Serie2-1,M06,EMT-Serie2-1-C2
EC_11257101,EB_11257103,2200116202a,EMT-Serie2-1,M07,EMT-Serie2-1-C2
EC_11257101,EB_11257103,2200116202a,EMT-Serie2-1,M08,EMT-Serie2-1-C2
EC_11257101,EB_11257103,2200116202a,EMT-Serie2-1,M09,EMT-Serie2-1-C2
EC_11257101,EB_11257103,2200116202a,EMT-Serie2-1,M10,EMT-Serie2-1-C2
EC_11257101,EB_11257103,2200116202a,EMT-Serie2-1,M11,EMT-Serie2-1-C2
EC_11257101,EB_11257103,2200116202a,EMT-Serie2-1,M12,EMT-Serie2-1-C2
EC_11257101,EB_11257103,2200116202a,EMT-Serie2-1,M13,EMT-Serie2-1-C2
EC_11257101,EB_11257103,2200116202a,EMT-Serie2-1,M14,EMT-Serie2-1-C2
EC_11189708,EB_11189710,2200116202a,EMT-Serie2-1,M15,EMT-Serie2-1-C2
EC_11189708,EB_11189710,2200116202a,EMT-Serie2-1,M16,EMT-Serie2-1-C2
EC_11189708,EB_11189710,2200116202a,EMT-Serie2-1,M17,EMT-Serie2-1-C2
EC_11189708,EB_11189710,2200116202a,EMT-Serie2-1,M18,EMT-Serie2-1-C2
EC_11189708,EB_11189710,2200116202a,EMT-Serie2-1,M19,EMT-Serie2-1-C2
EC_11189708,EB_11189710,2200116202a,EMT-Serie2-1,M20,EMT-Serie2-1-C2
EC_11189708,EB_11189710,2200116202a,EMT-Serie2-1,M21,EMT-Serie2-1-C2
EC_11189708,EB_11189710,2200116202a,EMT-Serie2-1,M22,EMT-Serie2-1-C2
EC_11189708,EB_11189710,2200116202a,EMT-Serie2-1,M23,EMT-Serie2-1-C2
EC_11189708,EB_11189710,2200116202a,EMT-Serie2-1,M24,EMT-Serie2-1-C2
EC_11191782,EB_11191785,2200116202a,EMT-Serie2-1,N05,EMT-Serie2-1-C2
EC_11191782,EB_11191785,2200116202a,EMT-Serie2-1,N06,EMT-Serie2-1-C2
EC_11191782,EB_11191785,2200116202a,EMT-Serie2-1,N07,EMT-Serie2-1-C2
EC_11191782,EB_11191785,2200116202a,EMT-Serie2-1,N08,EMT-Serie2-1-C2
EC_11191782,EB_11191785,2200116202a,EMT-Serie2-1,N09,EMT-Serie2-1-C2
EC_11191782,EB_11191785,2200116202a,EMT-Serie2-1,N10,EMT-Serie2-1-C2
EC_11191782,EB_11191785,2200116202a,EMT-Serie2-1,N11,EMT-Serie2-1-C2
EC_11191782,EB_11191785,2200116202a,EMT-Serie2-1,N12,EMT-Serie2-1-C2
EC_11191782,EB_11191785,2200116202a,EMT-Serie2-1,N13,EMT-Serie2-1-C2
EC_11191782,EB_11191785,2200116202a,EMT-Serie2-1,N14,EMT-Serie2-1-C2
EC_11176305,EB_11176307,2200116202a,EMT-Serie2-1,N15,EMT-Serie2-1-C2
EC_11176305,EB_11176307,2200116202a,EMT-Serie2-1,N16,EMT-Serie2-1-C2
EC_11176305,EB_11176307,2200116202a,EMT-Serie2-1,N17,EMT-Serie2-1-C2
EC_11176305,EB_11176307,2200116202a,EMT-Serie2-1,N18,EMT-Serie2-1-C2
EC_11176305,EB_11176307,2200116202a,EMT-Serie2-1,N19,EMT-Serie2-1-C2
EC_11176305,EB_11176307,2200116202a,EMT-Serie2-1,N20,EMT-Serie2-1-C2
EC_11176305,EB_11176307,2200116202a,EMT-Serie2-1,N21,EMT-Serie2-1-C2
EC_11176305,EB_11176307,2200116202a,EMT-Serie2-1,N22,EMT-Serie2-1-C2
EC_11176305,EB_11176307,2200116202a,EMT-Serie2-1,N23,EMT-Serie2-1-C2
EC_11176305,EB_11176307,2200116202a,EMT-Serie2-1,N24,EMT-Serie2-1-C2
EC_11258170,EB_11258173,2200116202a,EMT-Serie2-1,O05,EMT-Serie2-1-C2
EC_11258170,EB_11258173,2200116202a,EMT-Serie2-1,O06,EMT-Serie2-1-C2
EC_11258170,EB_11258173,2200116202a,EMT-Serie2-1,O07,EMT-Serie2-1-C2
EC_11258170,EB_11258173,2200116202a,EMT-Serie2-1,O08,EMT-Serie2-1-C2
EC_11258170,EB_11258173,2200116202a,EMT-Serie2-1,O09,EMT-Serie2-1-C2
EC_11258170,EB_11258173,2200116202a,EMT-Serie2-1,O10,EMT-Serie2-1-C2
EC_11258170,EB_11258173,2200116202a,EMT-Serie2-1,O11,EMT-Serie2-1-C2
EC_11258170,EB_11258173,2200116202a,EMT-Serie2-1,O12,EMT-Serie2-1-C2
EC_11258170,EB_11258173,2200116202a,EMT-Serie2-1,O13,EMT-Serie2-1-C2
EC_11258170,EB_11258173,2200116202a,EMT-Serie2-1,O14,EMT-Serie2-1-C2
EC_11188969,EB_11188971,2200116202a,EMT-Serie2-1,O15,EMT-Serie2-1-C2
EC_11188969,EB_11188971,2200116202a,EMT-Serie2-1,O16,EMT-Serie2-1-C2
EC_11188969,EB_11188971,2200116202a,EMT-Serie2-1,O17,EMT-Serie2-1-C2
EC_11188969,EB_11188971,2200116202a,EMT-Serie2-1,O18,EMT-Serie2-1-C2
EC_11188969,EB_11188971,2200116202a,EMT-Serie2-1,O19,EMT-Serie2-1-C2
EC_11188969,EB_11188971,2200116202a,EMT-Serie2-1,O20,EMT-Serie2-1-C2
EC_11188969,EB_11188971,2200116202a,EMT-Serie2-1,O21,EMT-Serie2-1-C2
EC_11188969,EB_11188971,2200116202a,EMT-Serie2-1,O22,EMT-Serie2-1-C2
EC_11188969,EB_11188971,2200116202a,EMT-Serie2-1,O23,EMT-Serie2-1-C2
EC_11188969,EB_11188971,2200116202a,EMT-Serie2-1,O24,EMT-Serie2-1-C2
EC_11192156,EB_11192158,2200116202a,EMT-Serie2-1,P05,EMT-Serie2-1-C2
EC_11192156,EB_11192158,2200116202a,EMT-Serie2-1,P06,EMT-Serie2-1-C2
EC_11192156,EB_11192158,2200116202a,EMT-Serie2-1,P07,EMT-Serie2-1-C2
EC_11192156,EB_11192158,2200116202a,EMT-Serie2-1,P08,EMT-Serie2-1-C2
EC_11192156,EB_11192158,2200116202a,EMT-Serie2-1,P09,EMT-Serie2-1-C2
EC_11192156,EB_11192158,2200116202a,EMT-Serie2-1,P10,EMT-Serie2-1-C2
EC_11192156,EB_11192158,2200116202a,EMT-Serie2-1,P11,EMT-Serie2-1-C2
EC_11192156,EB_11192158,2200116202a,EMT-Serie2-1,P12,EMT-Serie2-1-C2
EC_11192156,EB_11192158,2200116202a,EMT-Serie2-1,P13,EMT-Serie2-1-C2
EC_11192156,EB_11192158,2200116202a,EMT-Serie2-1,P14,EMT-Serie2-1-C2
EC_11190013,EB_11190015,2200116202a,EMT-Serie2-1,P15,EMT-Serie2-1-C2
EC_11190013,EB_11190015,2200116202a,EMT-Serie2-1,P16,EMT-Serie2-1-C2
EC_11190013,EB_11190015,2200116202a,EMT-Serie2-1,P17,EMT-Serie2-1-C2
EC_11190013,EB_11190015,2200116202a,EMT-Serie2-1,P18,EMT-Serie2-1-C2
EC_11190013,EB_11190015,2200116202a,EMT-Serie2-1,P19,EMT-Serie2-1-C2
EC_11190013,EB_11190015,2200116202a,EMT-Serie2-1,P20,EMT-Serie2-1-C2
EC_11190013,EB_11190015,2200116202a,EMT-Serie2-1,P21,EMT-Serie2-1-C2
EC_11190013,EB_11190015,2200116202a,EMT-Serie2-1,P22,EMT-Serie2-1-C2
EC_11190013,EB_11190015,2200116202a,EMT-Serie2-1,P23,EMT-Serie2-1-C2
EC_11190013,EB_11190015,2200116202a,EMT-Serie2-1,P24,EMT-Serie2-1-C2
EC_11190427,EB_11190429,2200116202b,EMT-Serie2-2,A05,EMT-Serie2-2-C2
EC_11190427,EB_11190429,2200116202b,EMT-Serie2-2,A06,EMT-Serie2-2-C2
EC_11190427,EB_11190429,2200116202b,EMT-Serie2-2,A07,EMT-Serie2-2-C2
EC_11190427,EB_11190429,2200116202b,EMT-Serie2-2,A08,EMT-Serie2-2-C2
EC_11190427,EB_11190429,2200116202b,EMT-Serie2-2,A09,EMT-Serie2-2-C2
EC_11190427,EB_11190429,2200116202b,EMT-Serie2-2,A10,EMT-Serie2-2-C2
EC_11190427,EB_11190429,2200116202b,EMT-Serie2-2,A11,EMT-Serie2-2-C2
EC_11190427,EB_11190429,2200116202b,EMT-Serie2-2,A12,EMT-Serie2-2-C2
EC_11190427,EB_11190429,2200116202b,EMT-Serie2-2,A13,EMT-Serie2-2-C2
EC_11190427,EB_11190429,2200116202b,EMT-Serie2-2,A14,EMT-Serie2-2-C2
EC_11261587,EB_11261589,2200116202b,EMT-Serie2-2,A15,EMT-Serie2-2-C2
EC_11261587,EB_11261589,2200116202b,EMT-Serie2-2,A16,EMT-Serie2-2-C2
EC_11261587,EB_11261589,2200116202b,EMT-Serie2-2,A17,EMT-Serie2-2-C2
EC_11261587,EB_11261589,2200116202b,EMT-Serie2-2,A18,EMT-Serie2-2-C2
EC_11261587,EB_11261589,2200116202b,EMT-Serie2-2,A19,EMT-Serie2-2-C2
EC_11261587,EB_11261589,2200116202b,EMT-Serie2-2,A20,EMT-Serie2-2-C2
EC_11261587,EB_11261589,2200116202b,EMT-Serie2-2,A21,EMT-Serie2-2-C2
EC_11261587,EB_11261589,2200116202b,EMT-Serie2-2,A22,EMT-Serie2-2-C2
EC_11261587,EB_11261589,2200116202b,EMT-Serie2-2,A23,EMT-Serie2-2-C2
EC_11261587,EB_11261589,2200116202b,EMT-Serie2-2,A24,EMT-Serie2-2-C2
EC_11190219,EB_11190221,2200116202b,EMT-Serie2-2,B05,EMT-Serie2-2-C2
EC_11190219,EB_11190221,2200116202b,EMT-Serie2-2,B06,EMT-Serie2-2-C2
EC_11190219,EB_11190221,2200116202b,EMT-Serie2-2,B07,EMT-Serie2-2-C2
EC_11190219,EB_11190221,2200116202b,EMT-Serie2-2,B08,EMT-Serie2-2-C2
EC_11190219,EB_11190221,2200116202b,EMT-Serie2-2,B09,EMT-Serie2-2-C2
EC_11190219,EB_11190221,2200116202b,EMT-Serie2-2,B10,EMT-Serie2-2-C2
EC_11190219,EB_11190221,2200116202b,EMT-Serie2-2,B11,EMT-Serie2-2-C2
EC_11190219,EB_11190221,2200116202b,EMT-Serie2-2,B12,EMT-Serie2-2-C2
EC_11190219,EB_11190221,2200116202b,EMT-Serie2-2,B13,EMT-Serie2-2-C2
EC_11190219,EB_11190221,2200116202b,EMT-Serie2-2,B14,EMT-Serie2-2-C2
EC_11187466,EB_11187468,2200116202b,EMT-Serie2-2,B15,EMT-Serie2-2-C2
EC_11187466,EB_11187468,2200116202b,EMT-Serie2-2,B16,EMT-Serie2-2-C2
EC_11187466,EB_11187468,2200116202b,EMT-Serie2-2,B17,EMT-Serie2-2-C2
EC_11187466,EB_11187468,2200116202b,EMT-Serie2-2,B18,EMT-Serie2-2-C2
EC_11187466,EB_11187468,2200116202b,EMT-Serie2-2,B19,EMT-Serie2-2-C2
EC_11187466,EB_11187468,2200116202b,EMT-Serie2-2,B20,EMT-Serie2-2-C2
EC_11187466,EB_11187468,2200116202b,EMT-Serie2-2,B21,EMT-Serie2-2-C2
EC_11187466,EB_11187468,2200116202b,EMT-Serie2-2,B22,EMT-Serie2-2-C2
EC_11187466,EB_11187468,2200116202b,EMT-Serie2-2,B23,EMT-Serie2-2-C2
EC_11187466,EB_11187468,2200116202b,EMT-Serie2-2,B24,EMT-Serie2-2-C2
EC_11177597,EB_11177599,2200116202b,EMT-Serie2-2,C05,EMT-Serie2-2-C2
EC_11177597,EB_11177599,2200116202b,EMT-Serie2-2,C06,EMT-Serie2-2-C2
EC_11177597,EB_11177599,2200116202b,EMT-Serie2-2,C07,EMT-Serie2-2-C2
EC_11177597,EB_11177599,2200116202b,EMT-Serie2-2,C08,EMT-Serie2-2-C2
EC_11177597,EB_11177599,2200116202b,EMT-Serie2-2,C09,EMT-Serie2-2-C2
EC_11177597,EB_11177599,2200116202b,EMT-Serie2-2,C10,EMT-Serie2-2-C2
EC_11177597,EB_11177599,2200116202b,EMT-Serie2-2,C11,EMT-Serie2-2-C2
EC_11177597,EB_11177599,2200116202b,EMT-Serie2-2,C12,EMT-Serie2-2-C2
EC_11177597,EB_11177599,2200116202b,EMT-Serie2-2,C13,EMT-Serie2-2-C2
EC_11177597,EB_11177599,2200116202b,EMT-Serie2-2,C14,EMT-Serie2-2-C2
EC_11261486,EB_11261489,2200116202b,EMT-Serie2-2,C15,EMT-Serie2-2-C2
EC_11261486,EB_11261489,2200116202b,EMT-Serie2-2,C16,EMT-Serie2-2-C2
EC_11261486,EB_11261489,2200116202b,EMT-Serie2-2,C17,EMT-Serie2-2-C2
EC_11261486,EB_11261489,2200116202b,EMT-Serie2-2,C18,EMT-Serie2-2-C2
EC_11261486,EB_11261489,2200116202b,EMT-Serie2-2,C19,EMT-Serie2-2-C2
EC_11261486,EB_11261489,2200116202b,EMT-Serie2-2,C20,EMT-Serie2-2-C2
EC_11261486,EB_11261489,2200116202b,EMT-Serie2-2,C21,EMT-Serie2-2-C2
EC_11261486,EB_11261489,2200116202b,EMT-Serie2-2,C22,EMT-Serie2-2-C2
EC_11261486,EB_11261489,2200116202b,EMT-Serie2-2,C23,EMT-Serie2-2-C2
EC_11261486,EB_11261489,2200116202b,EMT-Serie2-2,C24,EMT-Serie2-2-C2
EC_11265545,EB_11265547,2200116202b,EMT-Serie2-2,D05,EMT-Serie2-2-C2
EC_11265545,EB_11265547,2200116202b,EMT-Serie2-2,D06,EMT-Serie2-2-C2
EC_11265545,EB_11265547,2200116202b,EMT-Serie2-2,D07,EMT-Serie2-2-C2
EC_11265545,EB_11265547,2200116202b,EMT-Serie2-2,D08,EMT-Serie2-2-C2
EC_11265545,EB_11265547,2200116202b,EMT-Serie2-2,D09,EMT-Serie2-2-C2
EC_11265545,EB_11265547,2200116202b,EMT-Serie2-2,D10,EMT-Serie2-2-C2
EC_11265545,EB_11265547,2200116202b,EMT-Serie2-2,D11,EMT-Serie2-2-C2
EC_11265545,EB_11265547,2200116202b,EMT-Serie2-2,D12,EMT-Serie2-2-C2
EC_11265545,EB_11265547,2200116202b,EMT-Serie2-2,D13,EMT-Serie2-2-C2
EC_11265545,EB_11265547,2200116202b,EMT-Serie2-2,D14,EMT-Serie2-2-C2
EC_11187457,EB_11187460,2200116202b,EMT-Serie2-2,D15,EMT-Serie2-2-C2
EC_11187457,EB_11187460,2200116202b,EMT-Serie2-2,D16,EMT-Serie2-2-C2
EC_11187457,EB_11187460,2200116202b,EMT-Serie2-2,D17,EMT-Serie2-2-C2
EC_11187457,EB_11187460,2200116202b,EMT-Serie2-2,D18,EMT-Serie2-2-C2
EC_11187457,EB_11187460,2200116202b,EMT-Serie2-2,D19,EMT-Serie2-2-C2
EC_11187457,EB_11187460,2200116202b,EMT-Serie2-2,D20,EMT-Serie2-2-C2
EC_11187457,EB_11187460,2200116202b,EMT-Serie2-2,D21,EMT-Serie2-2-C2
EC_11187457,EB_11187460,2200116202b,EMT-Serie2-2,D22,EMT-Serie2-2-C2
EC_11187457,EB_11187460,2200116202b,EMT-Serie2-2,D23,EMT-Serie2-2-C2
EC_11187457,EB_11187460,2200116202b,EMT-Serie2-2,D24,EMT-Serie2-2-C2
EC_11187920,EB_11187922,2200116202b,EMT-Serie2-2,E05,EMT-Serie2-2-C2
EC_11187920,EB_11187922,2200116202b,EMT-Serie2-2,E06,EMT-Serie2-2-C2
EC_11187920,EB_11187922,2200116202b,EMT-Serie2-2,E07,EMT-Serie2-2-C2
EC_11187920,EB_11187922,2200116202b,EMT-Serie2-2,E08,EMT-Serie2-2-C2
EC_11187920,EB_11187922,2200116202b,EMT-Serie2-2,E09,EMT-Serie2-2-C2
EC_11187920,EB_11187922,2200116202b,EMT-Serie2-2,E10,EMT-Serie2-2-C2
EC_11187920,EB_11187922,2200116202b,EMT-Serie2-2,E11,EMT-Serie2-2-C2
EC_11187920,EB_11187922,2200116202b,EMT-Serie2-2,E12,EMT-Serie2-2-C2
EC_11187920,EB_11187922,2200116202b,EMT-Serie2-2,E13,EMT-Serie2-2-C2
EC_11187920,EB_11187922,2200116202b,EMT-Serie2-2,E14,EMT-Serie2-2-C2
EC_11189850,EB_11189853,2200116202b,EMT-Serie2-2,E15,EMT-Serie2-2-C2
EC_11189850,EB_11189853,2200116202b,EMT-Serie2-2,E16,EMT-Serie2-2-C2
EC_11189850,EB_11189853,2200116202b,EMT-Serie2-2,E17,EMT-Serie2-2-C2
EC_11189850,EB_11189853,2200116202b,EMT-Serie2-2,E18,EMT-Serie2-2-C2
EC_11189850,EB_11189853,2200116202b,EMT-Serie2-2,E19,EMT-Serie2-2-C2
EC_11189850,EB_11189853,2200116202b,EMT-Serie2-2,E20,EMT-Serie2-2-C2
EC_11189850,EB_11189853,2200116202b,EMT-Serie2-2,E21,EMT-Serie2-2-C2
EC_11189850,EB_11189853,2200116202b,EMT-Serie2-2,E22,EMT-Serie2-2-C2
EC_11189850,EB_11189853,2200116202b,EMT-Serie2-2,E23,EMT-Serie2-2-C2
EC_11189850,EB_11189853,2200116202b,EMT-Serie2-2,E24,EMT-Serie2-2-C2
EC_11255449,EB_11255451,2200116202b,EMT-Serie2-2,F05,EMT-Serie2-2-C2
EC_11255449,EB_11255451,2200116202b,EMT-Serie2-2,F06,EMT-Serie2-2-C2
EC_11255449,EB_11255451,2200116202b,EMT-Serie2-2,F07,EMT-Serie2-2-C2
EC_11255449,EB_11255451,2200116202b,EMT-Serie2-2,F08,EMT-Serie2-2-C2
EC_11255449,EB_11255451,2200116202b,EMT-Serie2-2,F09,EMT-Serie2-2-C2
EC_11255449,EB_11255451,2200116202b,EMT-Serie2-2,F10,EMT-Serie2-2-C2
EC_11255449,EB_11255451,2200116202b,EMT-Serie2-2,F11,EMT-Serie2-2-C2
EC_11255449,EB_11255451,2200116202b,EMT-Serie2-2,F12,EMT-Serie2-2-C2
EC_11255449,EB_11255451,2200116202b,EMT-Serie2-2,F13,EMT-Serie2-2-C2
EC_11255449,EB_11255451,2200116202b,EMT-Serie2-2,F14,EMT-Serie2-2-C2
EC_11259174,EB_11259176,2200116202b,EMT-Serie2-2,F15,EMT-Serie2-2-C2
EC_11259174,EB_11259176,2200116202b,EMT-Serie2-2,F16,EMT-Serie2-2-C2
EC_11259174,EB_11259176,2200116202b,EMT-Serie2-2,F17,EMT-Serie2-2-C2
EC_11259174,EB_11259176,2200116202b,EMT-Serie2-2,F18,EMT-Serie2-2-C2
EC_11259174,EB_11259176,2200116202b,EMT-Serie2-2,F19,EMT-Serie2-2-C2
EC_11259174,EB_11259176,2200116202b,EMT-Serie2-2,F20,EMT-Serie2-2-C2
EC_11259174,EB_11259176,2200116202b,EMT-Serie2-2,F21,EMT-Serie2-2-C2
EC_11259174,EB_11259176,2200116202b,EMT-Serie2-2,F22,EMT-Serie2-2-C2
EC_11259174,EB_11259176,2200116202b,EMT-Serie2-2,F23,EMT-Serie2-2-C2
EC_11259174,EB_11259176,2200116202b,EMT-Serie2-2,F24,EMT-Serie2-2-C2
EC_11192350,EB_11192352,2200116202b,EMT-Serie2-2,G05,EMT-Serie2-2-C2
EC_11192350,EB_11192352,2200116202b,EMT-Serie2-2,G06,EMT-Serie2-2-C2
EC_11192350,EB_11192352,2200116202b,EMT-Serie2-2,G07,EMT-Serie2-2-C2
EC_11192350,EB_11192352,2200116202b,EMT-Serie2-2,G08,EMT-Serie2-2-C2
EC_11192350,EB_11192352,2200116202b,EMT-Serie2-2,G09,EMT-Serie2-2-C2
EC_11192350,EB_11192352,2200116202b,EMT-Serie2-2,G10,EMT-Serie2-2-C2
EC_11192350,EB_11192352,2200116202b,EMT-Serie2-2,G11,EMT-Serie2-2-C2
EC_11192350,EB_11192352,2200116202b,EMT-Serie2-2,G12,EMT-Serie2-2-C2
EC_11192350,EB_11192352,2200116202b,EMT-Serie2-2,G13,EMT-Serie2-2-C2
EC_11192350,EB_11192352,2200116202b,EMT-Serie2-2,G14,EMT-Serie2-2-C2
EC_11190448,EB_11190451,2200116202b,EMT-Serie2-2,G15,EMT-Serie2-2-C2
EC_11190448,EB_11190451,2200116202b,EMT-Serie2-2,G16,EMT-Serie2-2-C2
EC_11190448,EB_11190451,2200116202b,EMT-Serie2-2,G17,EMT-Serie2-2-C2
EC_11190448,EB_11190451,2200116202b,EMT-Serie2-2,G18,EMT-Serie2-2-C2
EC_11190448,EB_11190451,2200116202b,EMT-Serie2-2,G19,EMT-Serie2-2-C2
EC_11190448,EB_11190451,2200116202b,EMT-Serie2-2,G20,EMT-Serie2-2-C2
EC_11190448,EB_11190451,2200116202b,EMT-Serie2-2,G21,EMT-Serie2-2-C2
EC_11190448,EB_11190451,2200116202b,EMT-Serie2-2,G22,EMT-Serie2-2-C2
EC_11190448,EB_11190451,2200116202b,EMT-Serie2-2,G23,EMT-Serie2-2-C2
EC_11190448,EB_11190451,2200116202b,EMT-Serie2-2,G24,EMT-Serie2-2-C2
EC_11177295,EB_11177299,2200116202b,EMT-Serie2-2,H05,EMT-Serie2-2-C2
EC_11177295,EB_11177299,2200116202b,EMT-Serie2-2,H06,EMT-Serie2-2-C2
EC_11177295,EB_11177299,2200116202b,EMT-Serie2-2,H07,EMT-Serie2-2-C2
EC_11177295,EB_11177299,2200116202b,EMT-Serie2-2,H08,EMT-Serie2-2-C2
EC_11177295,EB_11177299,2200116202b,EMT-Serie2-2,H09,EMT-Serie2-2-C2
EC_11177295,EB_11177299,2200116202b,EMT-Serie2-2,H10,EMT-Serie2-2-C2
EC_11177295,EB_11177299,2200116202b,EMT-Serie2-2,H11,EMT-Serie2-2-C2
EC_11177295,EB_11177299,2200116202b,EMT-Serie2-2,H12,EMT-Serie2-2-C2
EC_11177295,EB_11177299,2200116202b,EMT-Serie2-2,H13,EMT-Serie2-2-C2
EC_11177295,EB_11177299,2200116202b,EMT-Serie2-2,H14,EMT-Serie2-2-C2
EC_11193277,EB_11193279,2200116202b,EMT-Serie2-2,H15,EMT-Serie2-2-C2
EC_11193277,EB_11193279,2200116202b,EMT-Serie2-2,H16,EMT-Serie2-2-C2
EC_11193277,EB_11193279,2200116202b,EMT-Serie2-2,H17,EMT-Serie2-2-C2
EC_11193277,EB_11193279,2200116202b,EMT-Serie2-2,H18,EMT-Serie2-2-C2
EC_11193277,EB_11193279,2200116202b,EMT-Serie2-2,H19,EMT-Serie2-2-C2
EC_11193277,EB_11193279,2200116202b,EMT-Serie2-2,H20,EMT-Serie2-2-C2
EC_11193277,EB_11193279,2200116202b,EMT-Serie2-2,H21,EMT-Serie2-2-C2
EC_11193277,EB_11193279,2200116202b,EMT-Serie2-2,H22,EMT-Serie2-2-C2
EC_11193277,EB_11193279,2200116202b,EMT-Serie2-2,H23,EMT-Serie2-2-C2
EC_11193277,EB_11193279,2200116202b,EMT-Serie2-2,H24,EMT-Serie2-2-C2
EC_11193182,EB_11193184,2200116202b,EMT-Serie2-2,I05,EMT-Serie2-2-C2
EC_11193182,EB_11193184,2200116202b,EMT-Serie2-2,I06,EMT-Serie2-2-C2
EC_11193182,EB_11193184,2200116202b,EMT-Serie2-2,I07,EMT-Serie2-2-C2
EC_11193182,EB_11193184,2200116202b,EMT-Serie2-2,I08,EMT-Serie2-2-C2
EC_11193182,EB_11193184,2200116202b,EMT-Serie2-2,I09,EMT-Serie2-2-C2
EC_11193182,EB_11193184,2200116202b,EMT-Serie2-2,I10,EMT-Serie2-2-C2
EC_11193182,EB_11193184,2200116202b,EMT-Serie2-2,I11,EMT-Serie2-2-C2
EC_11193182,EB_11193184,2200116202b,EMT-Serie2-2,I12,EMT-Serie2-2-C2
EC_11193182,EB_11193184,2200116202b,EMT-Serie2-2,I13,EMT-Serie2-2-C2
EC_11193182,EB_11193184,2200116202b,EMT-Serie2-2,I14,EMT-Serie2-2-C2
EC_11188204,EB_11188206,2200116202b,EMT-Serie2-2,I15,EMT-Serie2-2-C2
EC_11188204,EB_11188206,2200116202b,EMT-Serie2-2,I16,EMT-Serie2-2-C2
EC_11188204,EB_11188206,2200116202b,EMT-Serie2-2,I17,EMT-Serie2-2-C2
EC_11188204,EB_11188206,2200116202b,EMT-Serie2-2,I18,EMT-Serie2-2-C2
EC_11188204,EB_11188206,2200116202b,EMT-Serie2-2,I19,EMT-Serie2-2-C2
EC_11188204,EB_11188206,2200116202b,EMT-Serie2-2,I20,EMT-Serie2-2-C2
EC_11188204,EB_11188206,2200116202b,EMT-Serie2-2,I21,EMT-Serie2-2-C2
EC_11188204,EB_11188206,2200116202b,EMT-Serie2-2,I22,EMT-Serie2-2-C2
EC_11188204,EB_11188206,2200116202b,EMT-Serie2-2,I23,EMT-Serie2-2-C2
EC_11188204,EB_11188206,2200116202b,EMT-Serie2-2,I24,EMT-Serie2-2-C2
EC_11281258,EB_11281260,2200116202b,EMT-Serie2-2,J05,EMT-Serie2-2-C2
EC_11281258,EB_11281260,2200116202b,EMT-Serie2-2,J06,EMT-Serie2-2-C2
EC_11281258,EB_11281260,2200116202b,EMT-Serie2-2,J07,EMT-Serie2-2-C2
EC_11281258,EB_11281260,2200116202b,EMT-Serie2-2,J08,EMT-Serie2-2-C2
EC_11281258,EB_11281260,2200116202b,EMT-Serie2-2,J09,EMT-Serie2-2-C2
EC_11281258,EB_11281260,2200116202b,EMT-Serie2-2,J10,EMT-Serie2-2-C2
EC_11281258,EB_11281260,2200116202b,EMT-Serie2-2,J11,EMT-Serie2-2-C2
EC_11281258,EB_11281260,2200116202b,EMT-Serie2-2,J12,EMT-Serie2-2-C2
EC_11281258,EB_11281260,2200116202b,EMT-Serie2-2,J13,EMT-Serie2-2-C2
EC_11281258,EB_11281260,2200116202b,EMT-Serie2-2,J14,EMT-Serie2-2-C2
EC_11301156,EB_11301158,2200116202b,EMT-Serie2-2,J15,EMT-Serie2-2-C2
EC_11301156,EB_11301158,2200116202b,EMT-Serie2-2,J16,EMT-Serie2-2-C2
EC_11301156,EB_11301158,2200116202b,EMT-Serie2-2,J17,EMT-Serie2-2-C2
EC_11301156,EB_11301158,2200116202b,EMT-Serie2-2,J18,EMT-Serie2-2-C2
EC_11301156,EB_11301158,2200116202b,EMT-Serie2-2,J19,EMT-Serie2-2-C2
EC_11301156,EB_11301158,2200116202b,EMT-Serie2-2,J20,EMT-Serie2-2-C2
EC_11301156,EB_11301158,2200116202b,EMT-Serie2-2,J21,EMT-Serie2-2-C2
EC_11301156,EB_11301158,2200116202b,EMT-Serie2-2,J22,EMT-Serie2-2-C2
EC_11301156,EB_11301158,2200116202b,EMT-Serie2-2,J23,EMT-Serie2-2-C2
EC_11301156,EB_11301158,2200116202b,EMT-Serie2-2,J24,EMT-Serie2-2-C2
EC_11262380,EB_11262382,2200116202b,EMT-Serie2-2,K05,EMT-Serie2-2-C2
EC_11262380,EB_11262382,2200116202b,EMT-Serie2-2,K06,EMT-Serie2-2-C2
EC_11262380,EB_11262382,2200116202b,EMT-Serie2-2,K07,EMT-Serie2-2-C2
EC_11262380,EB_11262382,2200116202b,EMT-Serie2-2,K08,EMT-Serie2-2-C2
EC_11262380,EB_11262382,2200116202b,EMT-Serie2-2,K09,EMT-Serie2-2-C2
EC_11262380,EB_11262382,2200116202b,EMT-Serie2-2,K10,EMT-Serie2-2-C2
EC_11262380,EB_11262382,2200116202b,EMT-Serie2-2,K11,EMT-Serie2-2-C2
EC_11262380,EB_11262382,2200116202b,EMT-Serie2-2,K12,EMT-Serie2-2-C2
EC_11262380,EB_11262382,2200116202b,EMT-Serie2-2,K13,EMT-Serie2-2-C2
EC_11262380,EB_11262382,2200116202b,EMT-Serie2-2,K14,EMT-Serie2-2-C2
EC_11263657,EB_11263659,2200116202b,EMT-Serie2-2,K15,EMT-Serie2-2-C2
EC_11263657,EB_11263659,2200116202b,EMT-Serie2-2,K16,EMT-Serie2-2-C2
EC_11263657,EB_11263659,2200116202b,EMT-Serie2-2,K17,EMT-Serie2-2-C2
EC_11263657,EB_11263659,2200116202b,EMT-Serie2-2,K18,EMT-Serie2-2-C2
EC_11263657,EB_11263659,2200116202b,EMT-Serie2-2,K19,EMT-Serie2-2-C2
EC_11263657,EB_11263659,2200116202b,EMT-Serie2-2,K20,EMT-Serie2-2-C2
EC_11263657,EB_11263659,2200116202b,EMT-Serie2-2,K21,EMT-Serie2-2-C2
EC_11263657,EB_11263659,2200116202b,EMT-Serie2-2,K22,EMT-Serie2-2-C2
EC_11263657,EB_11263659,2200116202b,EMT-Serie2-2,K23,EMT-Serie2-2-C2
EC_11263657,EB_11263659,2200116202b,EMT-Serie2-2,K24,EMT-Serie2-2-C2
EC_11191311,EB_11191313,2200116202b,EMT-Serie2-2,L05,EMT-Serie2-2-C2
EC_11191311,EB_11191313,2200116202b,EMT-Serie2-2,L06,EMT-Serie2-2-C2
EC_11191311,EB_11191313,2200116202b,EMT-Serie2-2,L07,EMT-Serie2-2-C2
EC_11191311,EB_11191313,2200116202b,EMT-Serie2-2,L08,EMT-Serie2-2-C2
EC_11191311,EB_11191313,2200116202b,EMT-Serie2-2,L09,EMT-Serie2-2-C2
EC_11191311,EB_11191313,2200116202b,EMT-Serie2-2,L10,EMT-Serie2-2-C2
EC_11191311,EB_11191313,2200116202b,EMT-Serie2-2,L11,EMT-Serie2-2-C2
EC_11191311,EB_11191313,2200116202b,EMT-Serie2-2,L12,EMT-Serie2-2-C2
EC_11191311,EB_11191313,2200116202b,EMT-Serie2-2,L13,EMT-Serie2-2-C2
EC_11191311,EB_11191313,2200116202b,EMT-Serie2-2,L14,EMT-Serie2-2-C2
EC_11191538,EB_11191540,2200116202b,EMT-Serie2-2,L15,EMT-Serie2-2-C2
EC_11191538,EB_11191540,2200116202b,EMT-Serie2-2,L16,EMT-Serie2-2-C2
EC_11191538,EB_11191540,2200116202b,EMT-Serie2-2,L17,EMT-Serie2-2-C2
EC_11191538,EB_11191540,2200116202b,EMT-Serie2-2,L18,EMT-Serie2-2-C2
EC_11191538,EB_11191540,2200116202b,EMT-Serie2-2,L19,EMT-Serie2-2-C2
EC_11191538,EB_11191540,2200116202b,EMT-Serie2-2,L20,EMT-Serie2-2-C2
EC_11191538,EB_11191540,2200116202b,EMT-Serie2-2,L21,EMT-Serie2-2-C2
EC_11191538,EB_11191540,2200116202b,EMT-Serie2-2,L22,EMT-Serie2-2-C2
EC_11191538,EB_11191540,2200116202b,EMT-Serie2-2,L23,EMT-Serie2-2-C2
EC_11191538,EB_11191540,2200116202b,EMT-Serie2-2,L24,EMT-Serie2-2-C2
EC_11261900,EB_11261902,2200116202b,EMT-Serie2-2,M05,EMT-Serie2-2-C2
EC_11261900,EB_11261902,2200116202b,EMT-Serie2-2,M06,EMT-Serie2-2-C2
EC_11261900,EB_11261902,2200116202b,EMT-Serie2-2,M07,EMT-Serie2-2-C2
EC_11261900,EB_11261902,2200116202b,EMT-Serie2-2,M08,EMT-Serie2-2-C2
EC_11261900,EB_11261902,2200116202b,EMT-Serie2-2,M09,EMT-Serie2-2-C2
EC_11261900,EB_11261902,2200116202b,EMT-Serie2-2,M10,EMT-Serie2-2-C2
EC_11261900,EB_11261902,2200116202b,EMT-Serie2-2,M11,EMT-Serie2-2-C2
EC_11261900,EB_11261902,2200116202b,EMT-Serie2-2,M12,EMT-Serie2-2-C2
EC_11261900,EB_11261902,2200116202b,EMT-Serie2-2,M13,EMT-Serie2-2-C2
EC_11261900,EB_11261902,2200116202b,EMT-Serie2-2,M14,EMT-Serie2-2-C2
EC_11189176,EB_11189180,2200116202b,EMT-Serie2-2,M15,EMT-Serie2-2-C2
EC_11189176,EB_11189180,2200116202b,EMT-Serie2-2,M16,EMT-Serie2-2-C2
EC_11189176,EB_11189180,2200116202b,EMT-Serie2-2,M17,EMT-Serie2-2-C2
EC_11189176,EB_11189180,2200116202b,EMT-Serie2-2,M18,EMT-Serie2-2-C2
EC_11189176,EB_11189180,2200116202b,EMT-Serie2-2,M19,EMT-Serie2-2-C2
EC_11189176,EB_11189180,2200116202b,EMT-Serie2-2,M20,EMT-Serie2-2-C2
EC_11189176,EB_11189180,2200116202b,EMT-Serie2-2,M21,EMT-Serie2-2-C2
EC_11189176,EB_11189180,2200116202b,EMT-Serie2-2,M22,EMT-Serie2-2-C2
EC_11189176,EB_11189180,2200116202b,EMT-Serie2-2,M23,EMT-Serie2-2-C2
EC_11189176,EB_11189180,2200116202b,EMT-Serie2-2,M24,EMT-Serie2-2-C2
EC_11258179,EB_11258181,2200116202b,EMT-Serie2-2,N05,EMT-Serie2-2-C2
EC_11258179,EB_11258181,2200116202b,EMT-Serie2-2,N06,EMT-Serie2-2-C2
EC_11258179,EB_11258181,2200116202b,EMT-Serie2-2,N07,EMT-Serie2-2-C2
EC_11258179,EB_11258181,2200116202b,EMT-Serie2-2,N08,EMT-Serie2-2-C2
EC_11258179,EB_11258181,2200116202b,EMT-Serie2-2,N09,EMT-Serie2-2-C2
EC_11258179,EB_11258181,2200116202b,EMT-Serie2-2,N10,EMT-Serie2-2-C2
EC_11258179,EB_11258181,2200116202b,EMT-Serie2-2,N11,EMT-Serie2-2-C2
EC_11258179,EB_11258181,2200116202b,EMT-Serie2-2,N12,EMT-Serie2-2-C2
EC_11258179,EB_11258181,2200116202b,EMT-Serie2-2,N13,EMT-Serie2-2-C2
EC_11258179,EB_11258181,2200116202b,EMT-Serie2-2,N14,EMT-Serie2-2-C2
EC_11189828,EB_11189830,2200116202b,EMT-Serie2-2,N15,EMT-Serie2-2-C2
EC_11189828,EB_11189830,2200116202b,EMT-Serie2-2,N16,EMT-Serie2-2-C2
EC_11189828,EB_11189830,2200116202b,EMT-Serie2-2,N17,EMT-Serie2-2-C2
EC_11189828,EB_11189830,2200116202b,EMT-Serie2-2,N18,EMT-Serie2-2-C2
EC_11189828,EB_11189830,2200116202b,EMT-Serie2-2,N19,EMT-Serie2-2-C2
EC_11189828,EB_11189830,2200116202b,EMT-Serie2-2,N20,EMT-Serie2-2-C2
EC_11189828,EB_11189830,2200116202b,EMT-Serie2-2,N21,EMT-Serie2-2-C2
EC_11189828,EB_11189830,2200116202b,EMT-Serie2-2,N22,EMT-Serie2-2-C2
EC_11189828,EB_11189830,2200116202b,EMT-Serie2-2,N23,EMT-Serie2-2-C2
EC_11189828,EB_11189830,2200116202b,EMT-Serie2-2,N24,EMT-Serie2-2-C2
EC_11257708,EB_11257710,2200116202b,EMT-Serie2-2,O05,EMT-Serie2-2-C2
EC_11257708,EB_11257710,2200116202b,EMT-Serie2-2,O06,EMT-Serie2-2-C2
EC_11257708,EB_11257710,2200116202b,EMT-Serie2-2,O07,EMT-Serie2-2-C2
EC_11257708,EB_11257710,2200116202b,EMT-Serie2-2,O08,EMT-Serie2-2-C2
EC_11257708,EB_11257710,2200116202b,EMT-Serie2-2,O09,EMT-Serie2-2-C2
EC_11257708,EB_11257710,2200116202b,EMT-Serie2-2,O10,EMT-Serie2-2-C2
EC_11257708,EB_11257710,2200116202b,EMT-Serie2-2,O11,EMT-Serie2-2-C2
EC_11257708,EB_11257710,2200116202b,EMT-Serie2-2,O12,EMT-Serie2-2-C2
EC_11257708,EB_11257710,2200116202b,EMT-Serie2-2,O13,EMT-Serie2-2-C2
EC_11257708,EB_11257710,2200116202b,EMT-Serie2-2,O14,EMT-Serie2-2-C2
EC_11191889,EB_11191891,2200116202b,EMT-Serie2-2,O15,EMT-Serie2-2-C2
EC_11191889,EB_11191891,2200116202b,EMT-Serie2-2,O16,EMT-Serie2-2-C2
EC_11191889,EB_11191891,2200116202b,EMT-Serie2-2,O17,EMT-Serie2-2-C2
EC_11191889,EB_11191891,2200116202b,EMT-Serie2-2,O18,EMT-Serie2-2-C2
EC_11191889,EB_11191891,2200116202b,EMT-Serie2-2,O19,EMT-Serie2-2-C2
EC_11191889,EB_11191891,2200116202b,EMT-Serie2-2,O20,EMT-Serie2-2-C2
EC_11191889,EB_11191891,2200116202b,EMT-Serie2-2,O21,EMT-Serie2-2-C2
EC_11191889,EB_11191891,2200116202b,EMT-Serie2-2,O22,EMT-Serie2-2-C2
EC_11191889,EB_11191891,2200116202b,EMT-Serie2-2,O23,EMT-Serie2-2-C2
EC_11191889,EB_11191891,2200116202b,EMT-Serie2-2,O24,EMT-Serie2-2-C2
EC_11259640,EB_11259642,2200116202b,EMT-Serie2-2,P05,EMT-Serie2-2-C2
EC_11259640,EB_11259642,2200116202b,EMT-Serie2-2,P06,EMT-Serie2-2-C2
EC_11259640,EB_11259642,2200116202b,EMT-Serie2-2,P07,EMT-Serie2-2-C2
EC_11259640,EB_11259642,2200116202b,EMT-Serie2-2,P08,EMT-Serie2-2-C2
EC_11259640,EB_11259642,2200116202b,EMT-Serie2-2,P09,EMT-Serie2-2-C2
EC_11259640,EB_11259642,2200116202b,EMT-Serie2-2,P10,EMT-Serie2-2-C2
EC_11259640,EB_11259642,2200116202b,EMT-Serie2-2,P11,EMT-Serie2-2-C2
EC_11259640,EB_11259642,2200116202b,EMT-Serie2-2,P12,EMT-Serie2-2-C2
EC_11259640,EB_11259642,2200116202b,EMT-Serie2-2,P13,EMT-Serie2-2-C2
EC_11259640,EB_11259642,2200116202b,EMT-Serie2-2,P14,EMT-Serie2-2-C2
EC_11188314,EB_11188316,2200116202b,EMT-Serie2-2,P15,EMT-Serie2-2-C2
EC_11188314,EB_11188316,2200116202b,EMT-Serie2-2,P16,EMT-Serie2-2-C2
EC_11188314,EB_11188316,2200116202b,EMT-Serie2-2,P17,EMT-Serie2-2-C2
EC_11188314,EB_11188316,2200116202b,EMT-Serie2-2,P18,EMT-Serie2-2-C2
EC_11188314,EB_11188316,2200116202b,EMT-Serie2-2,P19,EMT-Serie2-2-C2
EC_11188314,EB_11188316,2200116202b,EMT-Serie2-2,P20,EMT-Serie2-2-C2
EC_11188314,EB_11188316,2200116202b,EMT-Serie2-2,P21,EMT-Serie2-2-C2
EC_11188314,EB_11188316,2200116202b,EMT-Serie2-2,P22,EMT-Serie2-2-C2
EC_11188314,EB_11188316,2200116202b,EMT-Serie2-2,P23,EMT-Serie2-2-C2
EC_11188314,EB_11188316,2200116202b,EMT-Serie2-2,P24,EMT-Serie2-2-C2
EC_24723328,EB_24723332,2200116202c,EMT-Serie2-3,A05,EMT-Serie2-3-C2
EC_24723328,EB_24723332,2200116202c,EMT-Serie2-3,A06,EMT-Serie2-3-C2
EC_24723328,EB_24723332,2200116202c,EMT-Serie2-3,A07,EMT-Serie2-3-C2
EC_24723328,EB_24723332,2200116202c,EMT-Serie2-3,A08,EMT-Serie2-3-C2
EC_24723328,EB_24723332,2200116202c,EMT-Serie2-3,A09,EMT-Serie2-3-C2
EC_24723328,EB_24723332,2200116202c,EMT-Serie2-3,A10,EMT-Serie2-3-C2
EC_24723328,EB_24723332,2200116202c,EMT-Serie2-3,A11,EMT-Serie2-3-C2
EC_24723328,EB_24723332,2200116202c,EMT-Serie2-3,A12,EMT-Serie2-3-C2
EC_24723328,EB_24723332,2200116202c,EMT-Serie2-3,A13,EMT-Serie2-3-C2
EC_24723328,EB_24723332,2200116202c,EMT-Serie2-3,A14,EMT-Serie2-3-C2
EC_11189184,EB_11189186,2200116202c,EMT-Serie2-3,A15,EMT-Serie2-3-C2
EC_11189184,EB_11189186,2200116202c,EMT-Serie2-3,A16,EMT-Serie2-3-C2
EC_11189184,EB_11189186,2200116202c,EMT-Serie2-3,A17,EMT-Serie2-3-C2
EC_11189184,EB_11189186,2200116202c,EMT-Serie2-3,A18,EMT-Serie2-3-C2
EC_11189184,EB_11189186,2200116202c,EMT-Serie2-3,A19,EMT-Serie2-3-C2
EC_11189184,EB_11189186,2200116202c,EMT-Serie2-3,A20,EMT-Serie2-3-C2
EC_11189184,EB_11189186,2200116202c,EMT-Serie2-3,A21,EMT-Serie2-3-C2
EC_11189184,EB_11189186,2200116202c,EMT-Serie2-3,A22,EMT-Serie2-3-C2
EC_11189184,EB_11189186,2200116202c,EMT-Serie2-3,A23,EMT-Serie2-3-C2
EC_11189184,EB_11189186,2200116202c,EMT-Serie2-3,A24,EMT-Serie2-3-C2
EC_2072738,EB_2072744,2200116202c,EMT-Serie2-3,B05,EMT-Serie2-3-C2
EC_2072738,EB_2072744,2200116202c,EMT-Serie2-3,B06,EMT-Serie2-3-C2
EC_2072738,EB_2072744,2200116202c,EMT-Serie2-3,B07,EMT-Serie2-3-C2
EC_2072738,EB_2072744,2200116202c,EMT-Serie2-3,B08,EMT-Serie2-3-C2
EC_2072738,EB_2072744,2200116202c,EMT-Serie2-3,B09,EMT-Serie2-3-C2
EC_2072738,EB_2072744,2200116202c,EMT-Serie2-3,B10,EMT-Serie2-3-C2
EC_2072738,EB_2072744,2200116202c,EMT-Serie2-3,B11,EMT-Serie2-3-C2
EC_2072738,EB_2072744,2200116202c,EMT-Serie2-3,B12,EMT-Serie2-3-C2
EC_2072738,EB_2072744,2200116202c,EMT-Serie2-3,B13,EMT-Serie2-3-C2
EC_2072738,EB_2072744,2200116202c,EMT-Serie2-3,B14,EMT-Serie2-3-C2
EC_11191211,EB_11191213,2200116202c,EMT-Serie2-3,B15,EMT-Serie2-3-C2
EC_11191211,EB_11191213,2200116202c,EMT-Serie2-3,B16,EMT-Serie2-3-C2
EC_11191211,EB_11191213,2200116202c,EMT-Serie2-3,B17,EMT-Serie2-3-C2
EC_11191211,EB_11191213,2200116202c,EMT-Serie2-3,B18,EMT-Serie2-3-C2
EC_11191211,EB_11191213,2200116202c,EMT-Serie2-3,B19,EMT-Serie2-3-C2
EC_11191211,EB_11191213,2200116202c,EMT-Serie2-3,B20,EMT-Serie2-3-C2
EC_11191211,EB_11191213,2200116202c,EMT-Serie2-3,B21,EMT-Serie2-3-C2
EC_11191211,EB_11191213,2200116202c,EMT-Serie2-3,B22,EMT-Serie2-3-C2
EC_11191211,EB_11191213,2200116202c,EMT-Serie2-3,B23,EMT-Serie2-3-C2
EC_11191211,EB_11191213,2200116202c,EMT-Serie2-3,B24,EMT-Serie2-3-C2
EC_24223796,EB_24223804,2200116202c,EMT-Serie2-3,C05,EMT-Serie2-3-C2
EC_24223796,EB_24223804,2200116202c,EMT-Serie2-3,C06,EMT-Serie2-3-C2
EC_24223796,EB_24223804,2200116202c,EMT-Serie2-3,C07,EMT-Serie2-3-C2
EC_24223796,EB_24223804,2200116202c,EMT-Serie2-3,C08,EMT-Serie2-3-C2
EC_24223796,EB_24223804,2200116202c,EMT-Serie2-3,C09,EMT-Serie2-3-C2
EC_24223796,EB_24223804,2200116202c,EMT-Serie2-3,C10,EMT-Serie2-3-C2
EC_24223796,EB_24223804,2200116202c,EMT-Serie2-3,C11,EMT-Serie2-3-C2
EC_24223796,EB_24223804,2200116202c,EMT-Serie2-3,C12,EMT-Serie2-3-C2
EC_24223796,EB_24223804,2200116202c,EMT-Serie2-3,C13,EMT-Serie2-3-C2
EC_24223796,EB_24223804,2200116202c,EMT-Serie2-3,C14,EMT-Serie2-3-C2
X-XA25731,X-XA25731-5,2200116202c,EMT-Serie2-3,C15,EMT-Serie2-3-C2
X-XA25731,X-XA25731-5,2200116202c,EMT-Serie2-3,C16,EMT-Serie2-3-C2
X-XA25731,X-XA25731-5,2200116202c,EMT-Serie2-3,C17,EMT-Serie2-3-C2
X-XA25731,X-XA25731-5,2200116202c,EMT-Serie2-3,C18,EMT-Serie2-3-C2
X-XA25731,X-XA25731-5,2200116202c,EMT-Serie2-3,C19,EMT-Serie2-3-C2
X-XA25731,X-XA25731-5,2200116202c,EMT-Serie2-3,C20,EMT-Serie2-3-C2
X-XA25731,X-XA25731-5,2200116202c,EMT-Serie2-3,C21,EMT-Serie2-3-C2
X-XA25731,X-XA25731-5,2200116202c,EMT-Serie2-3,C22,EMT-Serie2-3-C2
X-XA25731,X-XA25731-5,2200116202c,EMT-Serie2-3,C23,EMT-Serie2-3-C2
X-XA25731,X-XA25731-5,2200116202c,EMT-Serie2-3,C24,EMT-Serie2-3-C2
EC_2072246,EB_2072253,2200116202c,EMT-Serie2-3,D05,EMT-Serie2-3-C2
EC_2072246,EB_2072253,2200116202c,EMT-Serie2-3,D06,EMT-Serie2-3-C2
EC_2072246,EB_2072253,2200116202c,EMT-Serie2-3,D07,EMT-Serie2-3-C2
EC_2072246,EB_2072253,2200116202c,EMT-Serie2-3,D08,EMT-Serie2-3-C2
EC_2072246,EB_2072253,2200116202c,EMT-Serie2-3,D09,EMT-Serie2-3-C2
EC_2072246,EB_2072253,2200116202c,EMT-Serie2-3,D10,EMT-Serie2-3-C2
EC_2072246,EB_2072253,2200116202c,EMT-Serie2-3,D11,EMT-Serie2-3-C2
EC_2072246,EB_2072253,2200116202c,EMT-Serie2-3,D12,EMT-Serie2-3-C2
EC_2072246,EB_2072253,2200116202c,EMT-Serie2-3,D13,EMT-Serie2-3-C2
EC_2072246,EB_2072253,2200116202c,EMT-Serie2-3,D14,EMT-Serie2-3-C2
EC_11188057,EB_11188059,2200116202c,EMT-Serie2-3,D15,EMT-Serie2-3-C2
EC_11188057,EB_11188059,2200116202c,EMT-Serie2-3,D16,EMT-Serie2-3-C2
EC_11188057,EB_11188059,2200116202c,EMT-Serie2-3,D17,EMT-Serie2-3-C2
EC_11188057,EB_11188059,2200116202c,EMT-Serie2-3,D18,EMT-Serie2-3-C2
EC_11188057,EB_11188059,2200116202c,EMT-Serie2-3,D19,EMT-Serie2-3-C2
EC_11188057,EB_11188059,2200116202c,EMT-Serie2-3,D20,EMT-Serie2-3-C2
EC_11188057,EB_11188059,2200116202c,EMT-Serie2-3,D21,EMT-Serie2-3-C2
EC_11188057,EB_11188059,2200116202c,EMT-Serie2-3,D22,EMT-Serie2-3-C2
EC_11188057,EB_11188059,2200116202c,EMT-Serie2-3,D23,EMT-Serie2-3-C2
EC_11188057,EB_11188059,2200116202c,EMT-Serie2-3,D24,EMT-Serie2-3-C2
EC_11193590,EB_11193592,2200116202c,EMT-Serie2-3,E05,EMT-Serie2-3-C2
EC_11193590,EB_11193592,2200116202c,EMT-Serie2-3,E06,EMT-Serie2-3-C2
EC_11193590,EB_11193592,2200116202c,EMT-Serie2-3,E07,EMT-Serie2-3-C2
EC_11193590,EB_11193592,2200116202c,EMT-Serie2-3,E08,EMT-Serie2-3-C2
EC_11193590,EB_11193592,2200116202c,EMT-Serie2-3,E09,EMT-Serie2-3-C2
EC_11193590,EB_11193592,2200116202c,EMT-Serie2-3,E10,EMT-Serie2-3-C2
EC_11193590,EB_11193592,2200116202c,EMT-Serie2-3,E11,EMT-Serie2-3-C2
EC_11193590,EB_11193592,2200116202c,EMT-Serie2-3,E12,EMT-Serie2-3-C2
EC_11193590,EB_11193592,2200116202c,EMT-Serie2-3,E13,EMT-Serie2-3-C2
EC_11193590,EB_11193592,2200116202c,EMT-Serie2-3,E14,EMT-Serie2-3-C2
EC_11176778,EB_11176780,2200116202c,EMT-Serie2-3,E15,EMT-Serie2-3-C2
EC_11176778,EB_11176780,2200116202c,EMT-Serie2-3,E16,EMT-Serie2-3-C2
EC_11176778,EB_11176780,2200116202c,EMT-Serie2-3,E17,EMT-Serie2-3-C2
EC_11176778,EB_11176780,2200116202c,EMT-Serie2-3,E18,EMT-Serie2-3-C2
EC_11176778,EB_11176780,2200116202c,EMT-Serie2-3,E19,EMT-Serie2-3-C2
EC_11176778,EB_11176780,2200116202c,EMT-Serie2-3,E20,EMT-Serie2-3-C2
EC_11176778,EB_11176780,2200116202c,EMT-Serie2-3,E21,EMT-Serie2-3-C2
EC_11176778,EB_11176780,2200116202c,EMT-Serie2-3,E22,EMT-Serie2-3-C2
EC_11176778,EB_11176780,2200116202c,EMT-Serie2-3,E23,EMT-Serie2-3-C2
EC_11176778,EB_11176780,2200116202c,EMT-Serie2-3,E24,EMT-Serie2-3-C2
EC_2075960,EB_2075968,2200116202c,EMT-Serie2-3,F05,EMT-Serie2-3-C2
EC_2075960,EB_2075968,2200116202c,EMT-Serie2-3,F06,EMT-Serie2-3-C2
EC_2075960,EB_2075968,2200116202c,EMT-Serie2-3,F07,EMT-Serie2-3-C2
EC_2075960,EB_2075968,2200116202c,EMT-Serie2-3,F08,EMT-Serie2-3-C2
EC_2075960,EB_2075968,2200116202c,EMT-Serie2-3,F09,EMT-Serie2-3-C2
EC_2075960,EB_2075968,2200116202c,EMT-Serie2-3,F10,EMT-Serie2-3-C2
EC_2075960,EB_2075968,2200116202c,EMT-Serie2-3,F11,EMT-Serie2-3-C2
EC_2075960,EB_2075968,2200116202c,EMT-Serie2-3,F12,EMT-Serie2-3-C2
EC_2075960,EB_2075968,2200116202c,EMT-Serie2-3,F13,EMT-Serie2-3-C2
EC_2075960,EB_2075968,2200116202c,EMT-Serie2-3,F14,EMT-Serie2-3-C2
EC_11261582,EB_11261584,2200116202c,EMT-Serie2-3,F15,EMT-Serie2-3-C2
EC_11261582,EB_11261584,2200116202c,EMT-Serie2-3,F16,EMT-Serie2-3-C2
EC_11261582,EB_11261584,2200116202c,EMT-Serie2-3,F17,EMT-Serie2-3-C2
EC_11261582,EB_11261584,2200116202c,EMT-Serie2-3,F18,EMT-Serie2-3-C2
EC_11261582,EB_11261584,2200116202c,EMT-Serie2-3,F19,EMT-Serie2-3-C2
EC_11261582,EB_11261584,2200116202c,EMT-Serie2-3,F20,EMT-Serie2-3-C2
EC_11261582,EB_11261584,2200116202c,EMT-Serie2-3,F21,EMT-Serie2-3-C2
EC_11261582,EB_11261584,2200116202c,EMT-Serie2-3,F22,EMT-Serie2-3-C2
EC_11261582,EB_11261584,2200116202c,EMT-Serie2-3,F23,EMT-Serie2-3-C2
EC_11261582,EB_11261584,2200116202c,EMT-Serie2-3,F24,EMT-Serie2-3-C2
EC_11189481,EB_11189483,2200116202c,EMT-Serie2-3,G05,EMT-Serie2-3-C2
EC_11189481,EB_11189483,2200116202c,EMT-Serie2-3,G06,EMT-Serie2-3-C2
EC_11189481,EB_11189483,2200116202c,EMT-Serie2-3,G07,EMT-Serie2-3-C2
EC_11189481,EB_11189483,2200116202c,EMT-Serie2-3,G08,EMT-Serie2-3-C2
EC_11189481,EB_11189483,2200116202c,EMT-Serie2-3,G09,EMT-Serie2-3-C2
EC_11189481,EB_11189483,2200116202c,EMT-Serie2-3,G10,EMT-Serie2-3-C2
EC_11189481,EB_11189483,2200116202c,EMT-Serie2-3,G11,EMT-Serie2-3-C2
EC_11189481,EB_11189483,2200116202c,EMT-Serie2-3,G12,EMT-Serie2-3-C2
EC_11189481,EB_11189483,2200116202c,EMT-Serie2-3,G13,EMT-Serie2-3-C2
EC_11189481,EB_11189483,2200116202c,EMT-Serie2-3,G14,EMT-Serie2-3-C2
EC_11176072,EB_11176074,2200116202c,EMT-Serie2-3,G15,EMT-Serie2-3-C2
EC_11176072,EB_11176074,2200116202c,EMT-Serie2-3,G16,EMT-Serie2-3-C2
EC_11176072,EB_11176074,2200116202c,EMT-Serie2-3,G17,EMT-Serie2-3-C2
EC_11176072,EB_11176074,2200116202c,EMT-Serie2-3,G18,EMT-Serie2-3-C2
EC_11176072,EB_11176074,2200116202c,EMT-Serie2-3,G19,EMT-Serie2-3-C2
EC_11176072,EB_11176074,2200116202c,EMT-Serie2-3,G20,EMT-Serie2-3-C2
EC_11176072,EB_11176074,2200116202c,EMT-Serie2-3,G21,EMT-Serie2-3-C2
EC_11176072,EB_11176074,2200116202c,EMT-Serie2-3,G22,EMT-Serie2-3-C2
EC_11176072,EB_11176074,2200116202c,EMT-Serie2-3,G23,EMT-Serie2-3-C2
EC_11176072,EB_11176074,2200116202c,EMT-Serie2-3,G24,EMT-Serie2-3-C2
EC_11189700,EB_11189702,2200116202c,EMT-Serie2-3,H05,EMT-Serie2-3-C2
EC_11189700,EB_11189702,2200116202c,EMT-Serie2-3,H06,EMT-Serie2-3-C2
EC_11189700,EB_11189702,2200116202c,EMT-Serie2-3,H07,EMT-Serie2-3-C2
EC_11189700,EB_11189702,2200116202c,EMT-Serie2-3,H08,EMT-Serie2-3-C2
EC_11189700,EB_11189702,2200116202c,EMT-Serie2-3,H09,EMT-Serie2-3-C2
EC_11189700,EB_11189702,2200116202c,EMT-Serie2-3,H10,EMT-Serie2-3-C2
EC_11189700,EB_11189702,2200116202c,EMT-Serie2-3,H11,EMT-Serie2-3-C2
EC_11189700,EB_11189702,2200116202c,EMT-Serie2-3,H12,EMT-Serie2-3-C2
EC_11189700,EB_11189702,2200116202c,EMT-Serie2-3,H13,EMT-Serie2-3-C2
EC_11189700,EB_11189702,2200116202c,EMT-Serie2-3,H14,EMT-Serie2-3-C2
EC_11175103,EB_11175105,2200116202c,EMT-Serie2-3,H15,EMT-Serie2-3-C2
EC_11175103,EB_11175105,2200116202c,EMT-Serie2-3,H16,EMT-Serie2-3-C2
EC_11175103,EB_11175105,2200116202c,EMT-Serie2-3,H17,EMT-Serie2-3-C2
EC_11175103,EB_11175105,2200116202c,EMT-Serie2-3,H18,EMT-Serie2-3-C2
EC_11175103,EB_11175105,2200116202c,EMT-Serie2-3,H19,EMT-Serie2-3-C2
EC_11175103,EB_11175105,2200116202c,EMT-Serie2-3,H20,EMT-Serie2-3-C2
EC_11175103,EB_11175105,2200116202c,EMT-Serie2-3,H21,EMT-Serie2-3-C2
EC_11175103,EB_11175105,2200116202c,EMT-Serie2-3,H22,EMT-Serie2-3-C2
EC_11175103,EB_11175105,2200116202c,EMT-Serie2-3,H23,EMT-Serie2-3-C2
EC_11175103,EB_11175105,2200116202c,EMT-Serie2-3,H24,EMT-Serie2-3-C2
EC_11193514,EB_11193516,2200116202c,EMT-Serie2-3,I05,EMT-Serie2-3-C2
EC_11193514,EB_11193516,2200116202c,EMT-Serie2-3,I06,EMT-Serie2-3-C2
EC_11193514,EB_11193516,2200116202c,EMT-Serie2-3,I07,EMT-Serie2-3-C2
EC_11193514,EB_11193516,2200116202c,EMT-Serie2-3,I08,EMT-Serie2-3-C2
EC_11193514,EB_11193516,2200116202c,EMT-Serie2-3,I09,EMT-Serie2-3-C2
EC_11193514,EB_11193516,2200116202c,EMT-Serie2-3,I10,EMT-Serie2-3-C2
EC_11193514,EB_11193516,2200116202c,EMT-Serie2-3,I11,EMT-Serie2-3-C2
EC_11193514,EB_11193516,2200116202c,EMT-Serie2-3,I12,EMT-Serie2-3-C2
EC_11193514,EB_11193516,2200116202c,EMT-Serie2-3,I13,EMT-Serie2-3-C2
EC_11193514,EB_11193516,2200116202c,EMT-Serie2-3,I14,EMT-Serie2-3-C2
EC_11176396,EB_11176398,2200116202c,EMT-Serie2-3,I15,EMT-Serie2-3-C2
EC_11176396,EB_11176398,2200116202c,EMT-Serie2-3,I16,EMT-Serie2-3-C2
EC_11176396,EB_11176398,2200116202c,EMT-Serie2-3,I17,EMT-Serie2-3-C2
EC_11176396,EB_11176398,2200116202c,EMT-Serie2-3,I18,EMT-Serie2-3-C2
EC_11176396,EB_11176398,2200116202c,EMT-Serie2-3,I19,EMT-Serie2-3-C2
EC_11176396,EB_11176398,2200116202c,EMT-Serie2-3,I20,EMT-Serie2-3-C2
EC_11176396,EB_11176398,2200116202c,EMT-Serie2-3,I21,EMT-Serie2-3-C2
EC_11176396,EB_11176398,2200116202c,EMT-Serie2-3,I22,EMT-Serie2-3-C2
EC_11176396,EB_11176398,2200116202c,EMT-Serie2-3,I23,EMT-Serie2-3-C2
EC_11176396,EB_11176398,2200116202c,EMT-Serie2-3,I24,EMT-Serie2-3-C2
EC_11188310,EB_11188312,2200116202c,EMT-Serie2-3,J05,EMT-Serie2-3-C2
EC_11188310,EB_11188312,2200116202c,EMT-Serie2-3,J06,EMT-Serie2-3-C2
EC_11188310,EB_11188312,2200116202c,EMT-Serie2-3,J07,EMT-Serie2-3-C2
EC_11188310,EB_11188312,2200116202c,EMT-Serie2-3,J08,EMT-Serie2-3-C2
EC_11188310,EB_11188312,2200116202c,EMT-Serie2-3,J09,EMT-Serie2-3-C2
EC_11188310,EB_11188312,2200116202c,EMT-Serie2-3,J10,EMT-Serie2-3-C2
EC_11188310,EB_11188312,2200116202c,EMT-Serie2-3,J11,EMT-Serie2-3-C2
EC_11188310,EB_11188312,2200116202c,EMT-Serie2-3,J12,EMT-Serie2-3-C2
EC_11188310,EB_11188312,2200116202c,EMT-Serie2-3,J13,EMT-Serie2-3-C2
EC_11188310,EB_11188312,2200116202c,EMT-Serie2-3,J14,EMT-Serie2-3-C2
EC_11187821,EB_11187823,2200116202c,EMT-Serie2-3,J15,EMT-Serie2-3-C2
EC_11187821,EB_11187823,2200116202c,EMT-Serie2-3,J16,EMT-Serie2-3-C2
EC_11187821,EB_11187823,2200116202c,EMT-Serie2-3,J17,EMT-Serie2-3-C2
EC_11187821,EB_11187823,2200116202c,EMT-Serie2-3,J18,EMT-Serie2-3-C2
EC_11187821,EB_11187823,2200116202c,EMT-Serie2-3,J19,EMT-Serie2-3-C2
EC_11187821,EB_11187823,2200116202c,EMT-Serie2-3,J20,EMT-Serie2-3-C2
EC_11187821,EB_11187823,2200116202c,EMT-Serie2-3,J21,EMT-Serie2-3-C2
EC_11187821,EB_11187823,2200116202c,EMT-Serie2-3,J22,EMT-Serie2-3-C2
EC_11187821,EB_11187823,2200116202c,EMT-Serie2-3,J23,EMT-Serie2-3-C2
EC_11187821,EB_11187823,2200116202c,EMT-Serie2-3,J24,EMT-Serie2-3-C2
EC_11189978,EB_11189980,2200116202c,EMT-Serie2-3,K05,EMT-Serie2-3-C2
EC_11189978,EB_11189980,2200116202c,EMT-Serie2-3,K06,EMT-Serie2-3-C2
EC_11189978,EB_11189980,2200116202c,EMT-Serie2-3,K07,EMT-Serie2-3-C2
EC_11189978,EB_11189980,2200116202c,EMT-Serie2-3,K08,EMT-Serie2-3-C2
EC_11189978,EB_11189980,2200116202c,EMT-Serie2-3,K09,EMT-Serie2-3-C2
EC_11189978,EB_11189980,2200116202c,EMT-Serie2-3,K10,EMT-Serie2-3-C2
EC_11189978,EB_11189980,2200116202c,EMT-Serie2-3,K11,EMT-Serie2-3-C2
EC_11189978,EB_11189980,2200116202c,EMT-Serie2-3,K12,EMT-Serie2-3-C2
EC_11189978,EB_11189980,2200116202c,EMT-Serie2-3,K13,EMT-Serie2-3-C2
EC_11189978,EB_11189980,2200116202c,EMT-Serie2-3,K14,EMT-Serie2-3-C2
EC_11187486,EB_11187489,2200116202c,EMT-Serie2-3,K15,EMT-Serie2-3-C2
EC_11187486,EB_11187489,2200116202c,EMT-Serie2-3,K16,EMT-Serie2-3-C2
EC_11187486,EB_11187489,2200116202c,EMT-Serie2-3,K17,EMT-Serie2-3-C2
EC_11187486,EB_11187489,2200116202c,EMT-Serie2-3,K18,EMT-Serie2-3-C2
EC_11187486,EB_11187489,2200116202c,EMT-Serie2-3,K19,EMT-Serie2-3-C2
EC_11187486,EB_11187489,2200116202c,EMT-Serie2-3,K20,EMT-Serie2-3-C2
EC_11187486,EB_11187489,2200116202c,EMT-Serie2-3,K21,EMT-Serie2-3-C2
EC_11187486,EB_11187489,2200116202c,EMT-Serie2-3,K22,EMT-Serie2-3-C2
EC_11187486,EB_11187489,2200116202c,EMT-Serie2-3,K23,EMT-Serie2-3-C2
EC_11187486,EB_11187489,2200116202c,EMT-Serie2-3,K24,EMT-Serie2-3-C2
EC_11190004,EB_11190006,2200116202c,EMT-Serie2-3,L05,EMT-Serie2-3-C2
EC_11190004,EB_11190006,2200116202c,EMT-Serie2-3,L06,EMT-Serie2-3-C2
EC_11190004,EB_11190006,2200116202c,EMT-Serie2-3,L07,EMT-Serie2-3-C2
EC_11190004,EB_11190006,2200116202c,EMT-Serie2-3,L08,EMT-Serie2-3-C2
EC_11190004,EB_11190006,2200116202c,EMT-Serie2-3,L09,EMT-Serie2-3-C2
EC_11190004,EB_11190006,2200116202c,EMT-Serie2-3,L10,EMT-Serie2-3-C2
EC_11190004,EB_11190006,2200116202c,EMT-Serie2-3,L11,EMT-Serie2-3-C2
EC_11190004,EB_11190006,2200116202c,EMT-Serie2-3,L12,EMT-Serie2-3-C2
EC_11190004,EB_11190006,2200116202c,EMT-Serie2-3,L13,EMT-Serie2-3-C2
EC_11190004,EB_11190006,2200116202c,EMT-Serie2-3,L14,EMT-Serie2-3-C2
EC_11192143,EB_11192146,2200116202c,EMT-Serie2-3,L15,EMT-Serie2-3-C2
EC_11192143,EB_11192146,2200116202c,EMT-Serie2-3,L16,EMT-Serie2-3-C2
EC_11192143,EB_11192146,2200116202c,EMT-Serie2-3,L17,EMT-Serie2-3-C2
EC_11192143,EB_11192146,2200116202c,EMT-Serie2-3,L18,EMT-Serie2-3-C2
EC_11192143,EB_11192146,2200116202c,EMT-Serie2-3,L19,EMT-Serie2-3-C2
EC_11192143,EB_11192146,2200116202c,EMT-Serie2-3,L20,EMT-Serie2-3-C2
EC_11192143,EB_11192146,2200116202c,EMT-Serie2-3,L21,EMT-Serie2-3-C2
EC_11192143,EB_11192146,2200116202c,EMT-Serie2-3,L22,EMT-Serie2-3-C2
EC_11192143,EB_11192146,2200116202c,EMT-Serie2-3,L23,EMT-Serie2-3-C2
EC_11192143,EB_11192146,2200116202c,EMT-Serie2-3,L24,EMT-Serie2-3-C2
EC_2082611,EB_2082616,2200116202c,EMT-Serie2-3,M05,EMT-Serie2-3-C2
EC_2082611,EB_2082616,2200116202c,EMT-Serie2-3,M06,EMT-Serie2-3-C2
EC_2082611,EB_2082616,2200116202c,EMT-Serie2-3,M07,EMT-Serie2-3-C2
EC_2082611,EB_2082616,2200116202c,EMT-Serie2-3,M08,EMT-Serie2-3-C2
EC_2082611,EB_2082616,2200116202c,EMT-Serie2-3,M09,EMT-Serie2-3-C2
EC_2082611,EB_2082616,2200116202c,EMT-Serie2-3,M10,EMT-Serie2-3-C2
EC_2082611,EB_2082616,2200116202c,EMT-Serie2-3,M11,EMT-Serie2-3-C2
EC_2082611,EB_2082616,2200116202c,EMT-Serie2-3,M12,EMT-Serie2-3-C2
EC_2082611,EB_2082616,2200116202c,EMT-Serie2-3,M13,EMT-Serie2-3-C2
EC_2082611,EB_2082616,2200116202c,EMT-Serie2-3,M14,EMT-Serie2-3-C2
EC_11192989,EB_11192991,2200116202c,EMT-Serie2-3,M15,EMT-Serie2-3-C2
EC_11192989,EB_11192991,2200116202c,EMT-Serie2-3,M16,EMT-Serie2-3-C2
EC_11192989,EB_11192991,2200116202c,EMT-Serie2-3,M17,EMT-Serie2-3-C2
EC_11192989,EB_11192991,2200116202c,EMT-Serie2-3,M18,EMT-Serie2-3-C2
EC_11192989,EB_11192991,2200116202c,EMT-Serie2-3,M19,EMT-Serie2-3-C2
EC_11192989,EB_11192991,2200116202c,EMT-Serie2-3,M20,EMT-Serie2-3-C2
EC_11192989,EB_11192991,2200116202c,EMT-Serie2-3,M21,EMT-Serie2-3-C2
EC_11192989,EB_11192991,2200116202c,EMT-Serie2-3,M22,EMT-Serie2-3-C2
EC_11192989,EB_11192991,2200116202c,EMT-Serie2-3,M23,EMT-Serie2-3-C2
EC_11192989,EB_11192991,2200116202c,EMT-Serie2-3,M24,EMT-Serie2-3-C2
EC_11176791,EB_11176794,2200116202c,EMT-Serie2-3,N05,EMT-Serie2-3-C2
EC_11176791,EB_11176794,2200116202c,EMT-Serie2-3,N06,EMT-Serie2-3-C2
EC_11176791,EB_11176794,2200116202c,EMT-Serie2-3,N07,EMT-Serie2-3-C2
EC_11176791,EB_11176794,2200116202c,EMT-Serie2-3,N08,EMT-Serie2-3-C2
EC_11176791,EB_11176794,2200116202c,EMT-Serie2-3,N09,EMT-Serie2-3-C2
EC_11176791,EB_11176794,2200116202c,EMT-Serie2-3,N10,EMT-Serie2-3-C2
EC_11176791,EB_11176794,2200116202c,EMT-Serie2-3,N11,EMT-Serie2-3-C2
EC_11176791,EB_11176794,2200116202c,EMT-Serie2-3,N12,EMT-Serie2-3-C2
EC_11176791,EB_11176794,2200116202c,EMT-Serie2-3,N13,EMT-Serie2-3-C2
EC_11176791,EB_11176794,2200116202c,EMT-Serie2-3,N14,EMT-Serie2-3-C2
EC_11284159,EB_11284161,2200116202c,EMT-Serie2-3,N15,EMT-Serie2-3-C2
EC_11284159,EB_11284161,2200116202c,EMT-Serie2-3,N16,EMT-Serie2-3-C2
EC_11284159,EB_11284161,2200116202c,EMT-Serie2-3,N17,EMT-Serie2-3-C2
EC_11284159,EB_11284161,2200116202c,EMT-Serie2-3,N18,EMT-Serie2-3-C2
EC_11284159,EB_11284161,2200116202c,EMT-Serie2-3,N19,EMT-Serie2-3-C2
EC_11284159,EB_11284161,2200116202c,EMT-Serie2-3,N20,EMT-Serie2-3-C2
EC_11284159,EB_11284161,2200116202c,EMT-Serie2-3,N21,EMT-Serie2-3-C2
EC_11284159,EB_11284161,2200116202c,EMT-Serie2-3,N22,EMT-Serie2-3-C2
EC_11284159,EB_11284161,2200116202c,EMT-Serie2-3,N23,EMT-Serie2-3-C2
EC_11284159,EB_11284161,2200116202c,EMT-Serie2-3,N24,EMT-Serie2-3-C2
EC_2075773,EB_2075776,2200116202c,EMT-Serie2-3,O05,EMT-Serie2-3-C2
EC_2075773,EB_2075776,2200116202c,EMT-Serie2-3,O06,EMT-Serie2-3-C2
EC_2075773,EB_2075776,2200116202c,EMT-Serie2-3,O07,EMT-Serie2-3-C2
EC_2075773,EB_2075776,2200116202c,EMT-Serie2-3,O08,EMT-Serie2-3-C2
EC_2075773,EB_2075776,2200116202c,EMT-Serie2-3,O09,EMT-Serie2-3-C2
EC_2075773,EB_2075776,2200116202c,EMT-Serie2-3,O10,EMT-Serie2-3-C2
EC_2075773,EB_2075776,2200116202c,EMT-Serie2-3,O11,EMT-Serie2-3-C2
EC_2075773,EB_2075776,2200116202c,EMT-Serie2-3,O12,EMT-Serie2-3-C2
EC_2075773,EB_2075776,2200116202c,EMT-Serie2-3,O13,EMT-Serie2-3-C2
EC_2075773,EB_2075776,2200116202c,EMT-Serie2-3,O14,EMT-Serie2-3-C2
EC_11177096,EB_11177098,2200116202c,EMT-Serie2-3,O15,EMT-Serie2-3-C2
EC_11177096,EB_11177098,2200116202c,EMT-Serie2-3,O16,EMT-Serie2-3-C2
EC_11177096,EB_11177098,2200116202c,EMT-Serie2-3,O17,EMT-Serie2-3-C2
EC_11177096,EB_11177098,2200116202c,EMT-Serie2-3,O18,EMT-Serie2-3-C2
EC_11177096,EB_11177098,2200116202c,EMT-Serie2-3,O19,EMT-Serie2-3-C2
EC_11177096,EB_11177098,2200116202c,EMT-Serie2-3,O20,EMT-Serie2-3-C2
EC_11177096,EB_11177098,2200116202c,EMT-Serie2-3,O21,EMT-Serie2-3-C2
EC_11177096,EB_11177098,2200116202c,EMT-Serie2-3,O22,EMT-Serie2-3-C2
EC_11177096,EB_11177098,2200116202c,EMT-Serie2-3,O23,EMT-Serie2-3-C2
EC_11177096,EB_11177098,2200116202c,EMT-Serie2-3,O24,EMT-Serie2-3-C2
EC_11177591,EB_11177593,2200116202c,EMT-Serie2-3,P05,EMT-Serie2-3-C2
EC_11177591,EB_11177593,2200116202c,EMT-Serie2-3,P06,EMT-Serie2-3-C2
EC_11177591,EB_11177593,2200116202c,EMT-Serie2-3,P07,EMT-Serie2-3-C2
EC_11177591,EB_11177593,2200116202c,EMT-Serie2-3,P08,EMT-Serie2-3-C2
EC_11177591,EB_11177593,2200116202c,EMT-Serie2-3,P09,EMT-Serie2-3-C2
EC_11177591,EB_11177593,2200116202c,EMT-Serie2-3,P10,EMT-Serie2-3-C2
EC_11177591,EB_11177593,2200116202c,EMT-Serie2-3,P11,EMT-Serie2-3-C2
EC_11177591,EB_11177593,2200116202c,EMT-Serie2-3,P12,EMT-Serie2-3-C2
EC_11177591,EB_11177593,2200116202c,EMT-Serie2-3,P13,EMT-Serie2-3-C2
EC_11177591,EB_11177593,2200116202c,EMT-Serie2-3,P14,EMT-Serie2-3-C2
EC_11189472,EB_11189475,2200116202c,EMT-Serie2-3,P15,EMT-Serie2-3-C2
EC_11189472,EB_11189475,2200116202c,EMT-Serie2-3,P16,EMT-Serie2-3-C2
EC_11189472,EB_11189475,2200116202c,EMT-Serie2-3,P17,EMT-Serie2-3-C2
EC_11189472,EB_11189475,2200116202c,EMT-Serie2-3,P18,EMT-Serie2-3-C2
EC_11189472,EB_11189475,2200116202c,EMT-Serie2-3,P19,EMT-Serie2-3-C2
EC_11189472,EB_11189475,2200116202c,EMT-Serie2-3,P20,EMT-Serie2-3-C2
EC_11189472,EB_11189475,2200116202c,EMT-Serie2-3,P21,EMT-Serie2-3-C2
EC_11189472,EB_11189475,2200116202c,EMT-Serie2-3,P22,EMT-Serie2-3-C2
EC_11189472,EB_11189475,2200116202c,EMT-Serie2-3,P23,EMT-Serie2-3-C2
EC_11189472,EB_11189475,2200116202c,EMT-Serie2-3,P24,EMT-Serie2-3-C2
EC_11190627,EB_11190630,2200116202d,EMT-Serie2-4,A05,EMT-Serie2-4-C2
EC_11190627,EB_11190630,2200116202d,EMT-Serie2-4,A06,EMT-Serie2-4-C2
EC_11190627,EB_11190630,2200116202d,EMT-Serie2-4,A07,EMT-Serie2-4-C2
EC_11190627,EB_11190630,2200116202d,EMT-Serie2-4,A08,EMT-Serie2-4-C2
EC_11190627,EB_11190630,2200116202d,EMT-Serie2-4,A09,EMT-Serie2-4-C2
EC_11190627,EB_11190630,2200116202d,EMT-Serie2-4,A10,EMT-Serie2-4-C2
EC_11190627,EB_11190630,2200116202d,EMT-Serie2-4,A11,EMT-Serie2-4-C2
EC_11190627,EB_11190630,2200116202d,EMT-Serie2-4,A12,EMT-Serie2-4-C2
EC_11190627,EB_11190630,2200116202d,EMT-Serie2-4,A13,EMT-Serie2-4-C2
EC_11190627,EB_11190630,2200116202d,EMT-Serie2-4,A14,EMT-Serie2-4-C2
EC_11257109,EB_11257111,2200116202d,EMT-Serie2-4,A15,EMT-Serie2-4-C2
EC_11257109,EB_11257111,2200116202d,EMT-Serie2-4,A16,EMT-Serie2-4-C2
EC_11257109,EB_11257111,2200116202d,EMT-Serie2-4,A17,EMT-Serie2-4-C2
EC_11257109,EB_11257111,2200116202d,EMT-Serie2-4,A18,EMT-Serie2-4-C2
EC_11257109,EB_11257111,2200116202d,EMT-Serie2-4,A19,EMT-Serie2-4-C2
EC_11257109,EB_11257111,2200116202d,EMT-Serie2-4,A20,EMT-Serie2-4-C2
EC_11257109,EB_11257111,2200116202d,EMT-Serie2-4,A21,EMT-Serie2-4-C2
EC_11257109,EB_11257111,2200116202d,EMT-Serie2-4,A22,EMT-Serie2-4-C2
EC_11257109,EB_11257111,2200116202d,EMT-Serie2-4,A23,EMT-Serie2-4-C2
EC_11257109,EB_11257111,2200116202d,EMT-Serie2-4,A24,EMT-Serie2-4-C2
EC_11191242,EB_11191244,2200116202d,EMT-Serie2-4,B05,EMT-Serie2-4-C2
EC_11191242,EB_11191244,2200116202d,EMT-Serie2-4,B06,EMT-Serie2-4-C2
EC_11191242,EB_11191244,2200116202d,EMT-Serie2-4,B07,EMT-Serie2-4-C2
EC_11191242,EB_11191244,2200116202d,EMT-Serie2-4,B08,EMT-Serie2-4-C2
EC_11191242,EB_11191244,2200116202d,EMT-Serie2-4,B09,EMT-Serie2-4-C2
EC_11191242,EB_11191244,2200116202d,EMT-Serie2-4,B10,EMT-Serie2-4-C2
EC_11191242,EB_11191244,2200116202d,EMT-Serie2-4,B11,EMT-Serie2-4-C2
EC_11191242,EB_11191244,2200116202d,EMT-Serie2-4,B12,EMT-Serie2-4-C2
EC_11191242,EB_11191244,2200116202d,EMT-Serie2-4,B13,EMT-Serie2-4-C2
EC_11191242,EB_11191244,2200116202d,EMT-Serie2-4,B14,EMT-Serie2-4-C2
EC_11192980,EB_11192983,2200116202d,EMT-Serie2-4,B15,EMT-Serie2-4-C2
EC_11192980,EB_11192983,2200116202d,EMT-Serie2-4,B16,EMT-Serie2-4-C2
EC_11192980,EB_11192983,2200116202d,EMT-Serie2-4,B17,EMT-Serie2-4-C2
EC_11192980,EB_11192983,2200116202d,EMT-Serie2-4,B18,EMT-Serie2-4-C2
EC_11192980,EB_11192983,2200116202d,EMT-Serie2-4,B19,EMT-Serie2-4-C2
EC_11192980,EB_11192983,2200116202d,EMT-Serie2-4,B20,EMT-Serie2-4-C2
EC_11192980,EB_11192983,2200116202d,EMT-Serie2-4,B21,EMT-Serie2-4-C2
EC_11192980,EB_11192983,2200116202d,EMT-Serie2-4,B22,EMT-Serie2-4-C2
EC_11192980,EB_11192983,2200116202d,EMT-Serie2-4,B23,EMT-Serie2-4-C2
EC_11192980,EB_11192983,2200116202d,EMT-Serie2-4,B24,EMT-Serie2-4-C2
EC_11192049,EB_11192052,2200116202d,EMT-Serie2-4,C05,EMT-Serie2-4-C2
EC_11192049,EB_11192052,2200116202d,EMT-Serie2-4,C06,EMT-Serie2-4-C2
EC_11192049,EB_11192052,2200116202d,EMT-Serie2-4,C07,EMT-Serie2-4-C2
EC_11192049,EB_11192052,2200116202d,EMT-Serie2-4,C08,EMT-Serie2-4-C2
EC_11192049,EB_11192052,2200116202d,EMT-Serie2-4,C09,EMT-Serie2-4-C2
EC_11192049,EB_11192052,2200116202d,EMT-Serie2-4,C10,EMT-Serie2-4-C2
EC_11192049,EB_11192052,2200116202d,EMT-Serie2-4,C11,EMT-Serie2-4-C2
EC_11192049,EB_11192052,2200116202d,EMT-Serie2-4,C12,EMT-Serie2-4-C2
EC_11192049,EB_11192052,2200116202d,EMT-Serie2-4,C13,EMT-Serie2-4-C2
EC_11192049,EB_11192052,2200116202d,EMT-Serie2-4,C14,EMT-Serie2-4-C2
EC_16576878,EB_16576881,2200116202d,EMT-Serie2-4,C15,EMT-Serie2-4-C2
EC_16576878,EB_16576881,2200116202d,EMT-Serie2-4,C16,EMT-Serie2-4-C2
EC_16576878,EB_16576881,2200116202d,EMT-Serie2-4,C17,EMT-Serie2-4-C2
EC_16576878,EB_16576881,2200116202d,EMT-Serie2-4,C18,EMT-Serie2-4-C2
EC_16576878,EB_16576881,2200116202d,EMT-Serie2-4,C19,EMT-Serie2-4-C2
EC_16576878,EB_16576881,2200116202d,EMT-Serie2-4,C20,EMT-Serie2-4-C2
EC_16576878,EB_16576881,2200116202d,EMT-Serie2-4,C21,EMT-Serie2-4-C2
EC_16576878,EB_16576881,2200116202d,EMT-Serie2-4,C22,EMT-Serie2-4-C2
EC_16576878,EB_16576881,2200116202d,EMT-Serie2-4,C23,EMT-Serie2-4-C2
EC_16576878,EB_16576881,2200116202d,EMT-Serie2-4,C24,EMT-Serie2-4-C2
EC_11257142,EB_11257144,2200116202d,EMT-Serie2-4,D05,EMT-Serie2-4-C2
EC_11257142,EB_11257144,2200116202d,EMT-Serie2-4,D06,EMT-Serie2-4-C2
EC_11257142,EB_11257144,2200116202d,EMT-Serie2-4,D07,EMT-Serie2-4-C2
EC_11257142,EB_11257144,2200116202d,EMT-Serie2-4,D08,EMT-Serie2-4-C2
EC_11257142,EB_11257144,2200116202d,EMT-Serie2-4,D09,EMT-Serie2-4-C2
EC_11257142,EB_11257144,2200116202d,EMT-Serie2-4,D10,EMT-Serie2-4-C2
EC_11257142,EB_11257144,2200116202d,EMT-Serie2-4,D11,EMT-Serie2-4-C2
EC_11257142,EB_11257144,2200116202d,EMT-Serie2-4,D12,EMT-Serie2-4-C2
EC_11257142,EB_11257144,2200116202d,EMT-Serie2-4,D13,EMT-Serie2-4-C2
EC_11257142,EB_11257144,2200116202d,EMT-Serie2-4,D14,EMT-Serie2-4-C2
X-WE60673361,X-XXH.RLF9.182.2,2200116202d,EMT-Serie2-4,D15,EMT-Serie2-4-C2
X-WE60673361,X-XXH.RLF9.182.2,2200116202d,EMT-Serie2-4,D16,EMT-Serie2-4-C2
X-WE60673361,X-XXH.RLF9.182.2,2200116202d,EMT-Serie2-4,D17,EMT-Serie2-4-C2
X-WE60673361,X-XXH.RLF9.182.2,2200116202d,EMT-Serie2-4,D18,EMT-Serie2-4-C2
X-WE60673361,X-XXH.RLF9.182.2,2200116202d,EMT-Serie2-4,D19,EMT-Serie2-4-C2
X-WE60673361,X-XXH.RLF9.182.2,2200116202d,EMT-Serie2-4,D20,EMT-Serie2-4-C2
X-WE60673361,X-XXH.RLF9.182.2,2200116202d,EMT-Serie2-4,D21,EMT-Serie2-4-C2
X-WE60673361,X-XXH.RLF9.182.2,2200116202d,EMT-Serie2-4,D22,EMT-Serie2-4-C2
X-WE60673361,X-XXH.RLF9.182.2,2200116202d,EMT-Serie2-4,D23,EMT-Serie2-4-C2
X-WE60673361,X-XXH.RLF9.182.2,2200116202d,EMT-Serie2-4,D24,EMT-Serie2-4-C2
EC_11261479,EB_11261481,2200116202d,EMT-Serie2-4,E05,EMT-Serie2-4-C2
EC_11261479,EB_11261481,2200116202d,EMT-Serie2-4,E06,EMT-Serie2-4-C2
EC_11261479,EB_11261481,2200116202d,EMT-Serie2-4,E07,EMT-Serie2-4-C2
EC_11261479,EB_11261481,2200116202d,EMT-Serie2-4,E08,EMT-Serie2-4-C2
EC_11261479,EB_11261481,2200116202d,EMT-Serie2-4,E09,EMT-Serie2-4-C2
EC_11261479,EB_11261481,2200116202d,EMT-Serie2-4,E10,EMT-Serie2-4-C2
EC_11261479,EB_11261481,2200116202d,EMT-Serie2-4,E11,EMT-Serie2-4-C2
EC_11261479,EB_11261481,2200116202d,EMT-Serie2-4,E12,EMT-Serie2-4-C2
EC_11261479,EB_11261481,2200116202d,EMT-Serie2-4,E13,EMT-Serie2-4-C2
EC_11261479,EB_11261481,2200116202d,EMT-Serie2-4,E14,EMT-Serie2-4-C2
X-WE52880180,X-LISE-055466-FB-020,2200116202d,EMT-Serie2-4,E15,EMT-Serie2-4-C2
X-WE52880180,X-LISE-055466-FB-020,2200116202d,EMT-Serie2-4,E16,EMT-Serie2-4-C2
X-WE52880180,X-LISE-055466-FB-020,2200116202d,EMT-Serie2-4,E17,EMT-Serie2-4-C2
X-WE52880180,X-LISE-055466-FB-020,2200116202d,EMT-Serie2-4,E18,EMT-Serie2-4-C2
X-WE52880180,X-LISE-055466-FB-020,2200116202d,EMT-Serie2-4,E19,EMT-Serie2-4-C2
X-WE52880180,X-LISE-055466-FB-020,2200116202d,EMT-Serie2-4,E20,EMT-Serie2-4-C2
X-WE52880180,X-LISE-055466-FB-020,2200116202d,EMT-Serie2-4,E21,EMT-Serie2-4-C2
X-WE52880180,X-LISE-055466-FB-020,2200116202d,EMT-Serie2-4,E22,EMT-Serie2-4-C2
X-WE52880180,X-LISE-055466-FB-020,2200116202d,EMT-Serie2-4,E23,EMT-Serie2-4-C2
X-WE52880180,X-LISE-055466-FB-020,2200116202d,EMT-Serie2-4,E24,EMT-Serie2-4-C2
EC_11187829,EB_11187831,2200116202d,EMT-Serie2-4,F05,EMT-Serie2-4-C2
EC_11187829,EB_11187831,2200116202d,EMT-Serie2-4,F06,EMT-Serie2-4-C2
EC_11187829,EB_11187831,2200116202d,EMT-Serie2-4,F07,EMT-Serie2-4-C2
EC_11187829,EB_11187831,2200116202d,EMT-Serie2-4,F08,EMT-Serie2-4-C2
EC_11187829,EB_11187831,2200116202d,EMT-Serie2-4,F09,EMT-Serie2-4-C2
EC_11187829,EB_11187831,2200116202d,EMT-Serie2-4,F10,EMT-Serie2-4-C2
EC_11187829,EB_11187831,2200116202d,EMT-Serie2-4,F11,EMT-Serie2-4-C2
EC_11187829,EB_11187831,2200116202d,EMT-Serie2-4,F12,EMT-Serie2-4-C2
EC_11187829,EB_11187831,2200116202d,EMT-Serie2-4,F13,EMT-Serie2-4-C2
EC_11187829,EB_11187831,2200116202d,EMT-Serie2-4,F14,EMT-Serie2-4-C2
X-WE60677880,X-XXH.RLF9.185.2,2200116202d,EMT-Serie2-4,F15,EMT-Serie2-4-C2
X-WE60677880,X-XXH.RLF9.185.2,2200116202d,EMT-Serie2-4,F16,EMT-Serie2-4-C2
X-WE60677880,X-XXH.RLF9.185.2,2200116202d,EMT-Serie2-4,F17,EMT-Serie2-4-C2
X-WE60677880,X-XXH.RLF9.185.2,2200116202d,EMT-Serie2-4,F18,EMT-Serie2-4-C2
X-WE60677880,X-XXH.RLF9.185.2,2200116202d,EMT-Serie2-4,F19,EMT-Serie2-4-C2
X-WE60677880,X-XXH.RLF9.185.2,2200116202d,EMT-Serie2-4,F20,EMT-Serie2-4-C2
X-WE60677880,X-XXH.RLF9.185.2,2200116202d,EMT-Serie2-4,F21,EMT-Serie2-4-C2
X-WE60677880,X-XXH.RLF9.185.2,2200116202d,EMT-Serie2-4,F22,EMT-Serie2-4-C2
X-WE60677880,X-XXH.RLF9.185.2,2200116202d,EMT-Serie2-4,F23,EMT-Serie2-4-C2
X-WE60677880,X-XXH.RLF9.185.2,2200116202d,EMT-Serie2-4,F24,EMT-Serie2-4-C2
EC_11187540,EB_11187542,2200116202d,EMT-Serie2-4,G05,EMT-Serie2-4-C2
EC_11187540,EB_11187542,2200116202d,EMT-Serie2-4,G06,EMT-Serie2-4-C2
EC_11187540,EB_11187542,2200116202d,EMT-Serie2-4,G07,EMT-Serie2-4-C2
EC_11187540,EB_11187542,2200116202d,EMT-Serie2-4,G08,EMT-Serie2-4-C2
EC_11187540,EB_11187542,2200116202d,EMT-Serie2-4,G09,EMT-Serie2-4-C2
EC_11187540,EB_11187542,2200116202d,EMT-Serie2-4,G10,EMT-Serie2-4-C2
EC_11187540,EB_11187542,2200116202d,EMT-Serie2-4,G11,EMT-Serie2-4-C2
EC_11187540,EB_11187542,2200116202d,EMT-Serie2-4,G12,EMT-Serie2-4-C2
EC_11187540,EB_11187542,2200116202d,EMT-Serie2-4,G13,EMT-Serie2-4-C2
EC_11187540,EB_11187542,2200116202d,EMT-Serie2-4,G14,EMT-Serie2-4-C2
X-WE60677874,X-XXH.RLF9.184.2,2200116202d,EMT-Serie2-4,G15,EMT-Serie2-4-C2
X-WE60677874,X-XXH.RLF9.184.2,2200116202d,EMT-Serie2-4,G16,EMT-Serie2-4-C2
X-WE60677874,X-XXH.RLF9.184.2,2200116202d,EMT-Serie2-4,G17,EMT-Serie2-4-C2
X-WE60677874,X-XXH.RLF9.184.2,2200116202d,EMT-Serie2-4,G18,EMT-Serie2-4-C2
X-WE60677874,X-XXH.RLF9.184.2,2200116202d,EMT-Serie2-4,G19,EMT-Serie2-4-C2
X-WE60677874,X-XXH.RLF9.184.2,2200116202d,EMT-Serie2-4,G20,EMT-Serie2-4-C2
X-WE60677874,X-XXH.RLF9.184.2,2200116202d,EMT-Serie2-4,G21,EMT-Serie2-4-C2
X-WE60677874,X-XXH.RLF9.184.2,2200116202d,EMT-Serie2-4,G22,EMT-Serie2-4-C2
X-WE60677874,X-XXH.RLF9.184.2,2200116202d,EMT-Serie2-4,G23,EMT-Serie2-4-C2
X-WE60677874,X-XXH.RLF9.184.2,2200116202d,EMT-Serie2-4,G24,EMT-Serie2-4-C2
EC_11188016,EB_11188018,2200116202d,EMT-Serie2-4,H05,EMT-Serie2-4-C2
EC_11188016,EB_11188018,2200116202d,EMT-Serie2-4,H06,EMT-Serie2-4-C2
EC_11188016,EB_11188018,2200116202d,EMT-Serie2-4,H07,EMT-Serie2-4-C2
EC_11188016,EB_11188018,2200116202d,EMT-Serie2-4,H08,EMT-Serie2-4-C2
EC_11188016,EB_11188018,2200116202d,EMT-Serie2-4,H09,EMT-Serie2-4-C2
EC_11188016,EB_11188018,2200116202d,EMT-Serie2-4,H10,EMT-Serie2-4-C2
EC_11188016,EB_11188018,2200116202d,EMT-Serie2-4,H11,EMT-Serie2-4-C2
EC_11188016,EB_11188018,2200116202d,EMT-Serie2-4,H12,EMT-Serie2-4-C2
EC_11188016,EB_11188018,2200116202d,EMT-Serie2-4,H13,EMT-Serie2-4-C2
EC_11188016,EB_11188018,2200116202d,EMT-Serie2-4,H14,EMT-Serie2-4-C2
X-WE60677898,X-XXH.RLF9.197.2,2200116202d,EMT-Serie2-4,H15,EMT-Serie2-4-C2
X-WE60677898,X-XXH.RLF9.197.2,2200116202d,EMT-Serie2-4,H16,EMT-Serie2-4-C2
X-WE60677898,X-XXH.RLF9.197.2,2200116202d,EMT-Serie2-4,H17,EMT-Serie2-4-C2
X-WE60677898,X-XXH.RLF9.197.2,2200116202d,EMT-Serie2-4,H18,EMT-Serie2-4-C2
X-WE60677898,X-XXH.RLF9.197.2,2200116202d,EMT-Serie2-4,H19,EMT-Serie2-4-C2
X-WE60677898,X-XXH.RLF9.197.2,2200116202d,EMT-Serie2-4,H20,EMT-Serie2-4-C2
X-WE60677898,X-XXH.RLF9.197.2,2200116202d,EMT-Serie2-4,H21,EMT-Serie2-4-C2
X-WE60677898,X-XXH.RLF9.197.2,2200116202d,EMT-Serie2-4,H22,EMT-Serie2-4-C2
X-WE60677898,X-XXH.RLF9.197.2,2200116202d,EMT-Serie2-4,H23,EMT-Serie2-4-C2
X-WE60677898,X-XXH.RLF9.197.2,2200116202d,EMT-Serie2-4,H24,EMT-Serie2-4-C2
EC_11191287,EB_11191289,2200116202d,EMT-Serie2-4,I05,EMT-Serie2-4-C2
EC_11191287,EB_11191289,2200116202d,EMT-Serie2-4,I06,EMT-Serie2-4-C2
EC_11191287,EB_11191289,2200116202d,EMT-Serie2-4,I07,EMT-Serie2-4-C2
EC_11191287,EB_11191289,2200116202d,EMT-Serie2-4,I08,EMT-Serie2-4-C2
EC_11191287,EB_11191289,2200116202d,EMT-Serie2-4,I09,EMT-Serie2-4-C2
EC_11191287,EB_11191289,2200116202d,EMT-Serie2-4,I10,EMT-Serie2-4-C2
EC_11191287,EB_11191289,2200116202d,EMT-Serie2-4,I11,EMT-Serie2-4-C2
EC_11191287,EB_11191289,2200116202d,EMT-Serie2-4,I12,EMT-Serie2-4-C2
EC_11191287,EB_11191289,2200116202d,EMT-Serie2-4,I13,EMT-Serie2-4-C2
EC_11191287,EB_11191289,2200116202d,EMT-Serie2-4,I14,EMT-Serie2-4-C2
X-XEW670281,X-AEH.MEU9.073.2,2200116202d,EMT-Serie2-4,I15,EMT-Serie2-4-C2
X-XEW670281,X-AEH.MEU9.073.2,2200116202d,EMT-Serie2-4,I16,EMT-Serie2-4-C2
X-XEW670281,X-AEH.MEU9.073.2,2200116202d,EMT-Serie2-4,I17,EMT-Serie2-4-C2
X-XEW670281,X-AEH.MEU9.073.2,2200116202d,EMT-Serie2-4,I18,EMT-Serie2-4-C2
X-XEW670281,X-AEH.MEU9.073.2,2200116202d,EMT-Serie2-4,I19,EMT-Serie2-4-C2
X-XEW670281,X-AEH.MEU9.073.2,2200116202d,EMT-Serie2-4,I20,EMT-Serie2-4-C2
X-XEW670281,X-AEH.MEU9.073.2,2200116202d,EMT-Serie2-4,I21,EMT-Serie2-4-C2
X-XEW670281,X-AEH.MEU9.073.2,2200116202d,EMT-Serie2-4,I22,EMT-Serie2-4-C2
X-XEW670281,X-AEH.MEU9.073.2,2200116202d,EMT-Serie2-4,I23,EMT-Serie2-4-C2
X-XEW670281,X-AEH.MEU9.073.2,2200116202d,EMT-Serie2-4,I24,EMT-Serie2-4-C2
EC_11191283,EB_11191285,2200116202d,EMT-Serie2-4,J05,EMT-Serie2-4-C2
EC_11191283,EB_11191285,2200116202d,EMT-Serie2-4,J06,EMT-Serie2-4-C2
EC_11191283,EB_11191285,2200116202d,EMT-Serie2-4,J07,EMT-Serie2-4-C2
EC_11191283,EB_11191285,2200116202d,EMT-Serie2-4,J08,EMT-Serie2-4-C2
EC_11191283,EB_11191285,2200116202d,EMT-Serie2-4,J09,EMT-Serie2-4-C2
EC_11191283,EB_11191285,2200116202d,EMT-Serie2-4,J10,EMT-Serie2-4-C2
EC_11191283,EB_11191285,2200116202d,EMT-Serie2-4,J11,EMT-Serie2-4-C2
EC_11191283,EB_11191285,2200116202d,EMT-Serie2-4,J12,EMT-Serie2-4-C2
EC_11191283,EB_11191285,2200116202d,EMT-Serie2-4,J13,EMT-Serie2-4-C2
EC_11191283,EB_11191285,2200116202d,EMT-Serie2-4,J14,EMT-Serie2-4-C2
X-WE60848792,X-XXH.DBT9.270.G2,2200116202d,EMT-Serie2-4,J15,EMT-Serie2-4-C2
X-WE60848792,X-XXH.DBT9.270.G2,2200116202d,EMT-Serie2-4,J16,EMT-Serie2-4-C2
X-WE60848792,X-XXH.DBT9.270.G2,2200116202d,EMT-Serie2-4,J17,EMT-Serie2-4-C2
X-WE60848792,X-XXH.DBT9.270.G2,2200116202d,EMT-Serie2-4,J18,EMT-Serie2-4-C2
X-WE60848792,X-XXH.DBT9.270.G2,2200116202d,EMT-Serie2-4,J19,EMT-Serie2-4-C2
X-WE60848792,X-XXH.DBT9.270.G2,2200116202d,EMT-Serie2-4,J20,EMT-Serie2-4-C2
X-WE60848792,X-XXH.DBT9.270.G2,2200116202d,EMT-Serie2-4,J21,EMT-Serie2-4-C2
X-WE60848792,X-XXH.DBT9.270.G2,2200116202d,EMT-Serie2-4,J22,EMT-Serie2-4-C2
X-WE60848792,X-XXH.DBT9.270.G2,2200116202d,EMT-Serie2-4,J23,EMT-Serie2-4-C2
X-WE60848792,X-XXH.DBT9.270.G2,2200116202d,EMT-Serie2-4,J24,EMT-Serie2-4-C2
EC_11190511,EB_11190514,2200116202d,EMT-Serie2-4,K05,EMT-Serie2-4-C2
EC_11190511,EB_11190514,2200116202d,EMT-Serie2-4,K06,EMT-Serie2-4-C2
EC_11190511,EB_11190514,2200116202d,EMT-Serie2-4,K07,EMT-Serie2-4-C2
EC_11190511,EB_11190514,2200116202d,EMT-Serie2-4,K08,EMT-Serie2-4-C2
EC_11190511,EB_11190514,2200116202d,EMT-Serie2-4,K09,EMT-Serie2-4-C2
EC_11190511,EB_11190514,2200116202d,EMT-Serie2-4,K10,EMT-Serie2-4-C2
EC_11190511,EB_11190514,2200116202d,EMT-Serie2-4,K11,EMT-Serie2-4-C2
EC_11190511,EB_11190514,2200116202d,EMT-Serie2-4,K12,EMT-Serie2-4-C2
EC_11190511,EB_11190514,2200116202d,EMT-Serie2-4,K13,EMT-Serie2-4-C2
EC_11190511,EB_11190514,2200116202d,EMT-Serie2-4,K14,EMT-Serie2-4-C2
X-WE51780341,X-XXH.DBT9.276.D,2200116202d,EMT-Serie2-4,K15,EMT-Serie2-4-C2
X-WE51780341,X-XXH.DBT9.276.D,2200116202d,EMT-Serie2-4,K16,EMT-Serie2-4-C2
X-WE51780341,X-XXH.DBT9.276.D,2200116202d,EMT-Serie2-4,K17,EMT-Serie2-4-C2
X-WE51780341,X-XXH.DBT9.276.D,2200116202d,EMT-Serie2-4,K18,EMT-Serie2-4-C2
X-WE51780341,X-XXH.DBT9.276.D,2200116202d,EMT-Serie2-4,K19,EMT-Serie2-4-C2
X-WE51780341,X-XXH.DBT9.276.D,2200116202d,EMT-Serie2-4,K20,EMT-Serie2-4-C2
X-WE51780341,X-XXH.DBT9.276.D,2200116202d,EMT-Serie2-4,K21,EMT-Serie2-4-C2
X-WE51780341,X-XXH.DBT9.276.D,2200116202d,EMT-Serie2-4,K22,EMT-Serie2-4-C2
X-WE51780341,X-XXH.DBT9.276.D,2200116202d,EMT-Serie2-4,K23,EMT-Serie2-4-C2
X-WE51780341,X-XXH.DBT9.276.D,2200116202d,EMT-Serie2-4,K24,EMT-Serie2-4-C2
EC_16578705,EB_16578708,2200116202d,EMT-Serie2-4,L05,EMT-Serie2-4-C2
EC_16578705,EB_16578708,2200116202d,EMT-Serie2-4,L06,EMT-Serie2-4-C2
EC_16578705,EB_16578708,2200116202d,EMT-Serie2-4,L07,EMT-Serie2-4-C2
EC_16578705,EB_16578708,2200116202d,EMT-Serie2-4,L08,EMT-Serie2-4-C2
EC_16578705,EB_16578708,2200116202d,EMT-Serie2-4,L09,EMT-Serie2-4-C2
EC_16578705,EB_16578708,2200116202d,EMT-Serie2-4,L10,EMT-Serie2-4-C2
EC_16578705,EB_16578708,2200116202d,EMT-Serie2-4,L11,EMT-Serie2-4-C2
EC_16578705,EB_16578708,2200116202d,EMT-Serie2-4,L12,EMT-Serie2-4-C2
EC_16578705,EB_16578708,2200116202d,EMT-Serie2-4,L13,EMT-Serie2-4-C2
EC_16578705,EB_16578708,2200116202d,EMT-Serie2-4,L14,EMT-Serie2-4-C2
X-WE52880180,X-KJY.WIG8.000.326,2200116202d,EMT-Serie2-4,L15,EMT-Serie2-4-C2
X-WE52880180,X-KJY.WIG8.000.326,2200116202d,EMT-Serie2-4,L16,EMT-Serie2-4-C2
X-WE52880180,X-KJY.WIG8.000.326,2200116202d,EMT-Serie2-4,L17,EMT-Serie2-4-C2
X-WE52880180,X-KJY.WIG8.000.326,2200116202d,EMT-Serie2-4,L18,EMT-Serie2-4-C2
X-WE52880180,X-KJY.WIG8.000.326,2200116202d,EMT-Serie2-4,L19,EMT-Serie2-4-C2
X-WE52880180,X-KJY.WIG8.000.326,2200116202d,EMT-Serie2-4,L20,EMT-Serie2-4-C2
X-WE52880180,X-KJY.WIG8.000.326,2200116202d,EMT-Serie2-4,L21,EMT-Serie2-4-C2
X-WE52880180,X-KJY.WIG8.000.326,2200116202d,EMT-Serie2-4,L22,EMT-Serie2-4-C2
X-WE52880180,X-KJY.WIG8.000.326,2200116202d,EMT-Serie2-4,L23,EMT-Serie2-4-C2
X-WE52880180,X-KJY.WIG8.000.326,2200116202d,EMT-Serie2-4,L24,EMT-Serie2-4-C2
EC_11193606,EB_11193608,2200116202d,EMT-Serie2-4,M05,EMT-Serie2-4-C2
EC_11193606,EB_11193608,2200116202d,EMT-Serie2-4,M06,EMT-Serie2-4-C2
EC_11193606,EB_11193608,2200116202d,EMT-Serie2-4,M07,EMT-Serie2-4-C2
EC_11193606,EB_11193608,2200116202d,EMT-Serie2-4,M08,EMT-Serie2-4-C2
EC_11193606,EB_11193608,2200116202d,EMT-Serie2-4,M09,EMT-Serie2-4-C2
EC_11193606,EB_11193608,2200116202d,EMT-Serie2-4,M10,EMT-Serie2-4-C2
EC_11193606,EB_11193608,2200116202d,EMT-Serie2-4,M11,EMT-Serie2-4-C2
EC_11193606,EB_11193608,2200116202d,EMT-Serie2-4,M12,EMT-Serie2-4-C2
EC_11193606,EB_11193608,2200116202d,EMT-Serie2-4,M13,EMT-Serie2-4-C2
EC_11193606,EB_11193608,2200116202d,EMT-Serie2-4,M14,EMT-Serie2-4-C2
EC_27082048,X-XXH.RLF9.169.2,2200116202d,EMT-Serie2-4,M15,EMT-Serie2-4-C2
EC_27082048,X-XXH.RLF9.169.2,2200116202d,EMT-Serie2-4,M16,EMT-Serie2-4-C2
EC_27082048,X-XXH.RLF9.169.2,2200116202d,EMT-Serie2-4,M17,EMT-Serie2-4-C2
EC_27082048,X-XXH.RLF9.169.2,2200116202d,EMT-Serie2-4,M18,EMT-Serie2-4-C2
EC_27082048,X-XXH.RLF9.169.2,2200116202d,EMT-Serie2-4,M19,EMT-Serie2-4-C2
EC_27082048,X-XXH.RLF9.169.2,2200116202d,EMT-Serie2-4,M20,EMT-Serie2-4-C2
EC_27082048,X-XXH.RLF9.169.2,2200116202d,EMT-Serie2-4,M21,EMT-Serie2-4-C2
EC_27082048,X-XXH.RLF9.169.2,2200116202d,EMT-Serie2-4,M22,EMT-Serie2-4-C2
EC_27082048,X-XXH.RLF9.169.2,2200116202d,EMT-Serie2-4,M23,EMT-Serie2-4-C2
EC_27082048,X-XXH.RLF9.169.2,2200116202d,EMT-Serie2-4,M24,EMT-Serie2-4-C2
EC_11187672,EB_11187675,2200116202d,EMT-Serie2-4,N05,EMT-Serie2-4-C2
EC_11187672,EB_11187675,2200116202d,EMT-Serie2-4,N06,EMT-Serie2-4-C2
EC_11187672,EB_11187675,2200116202d,EMT-Serie2-4,N07,EMT-Serie2-4-C2
EC_11187672,EB_11187675,2200116202d,EMT-Serie2-4,N08,EMT-Serie2-4-C2
EC_11187672,EB_11187675,2200116202d,EMT-Serie2-4,N09,EMT-Serie2-4-C2
EC_11187672,EB_11187675,2200116202d,EMT-Serie2-4,N10,EMT-Serie2-4-C2
EC_11187672,EB_11187675,2200116202d,EMT-Serie2-4,N11,EMT-Serie2-4-C2
EC_11187672,EB_11187675,2200116202d,EMT-Serie2-4,N12,EMT-Serie2-4-C2
EC_11187672,EB_11187675,2200116202d,EMT-Serie2-4,N13,EMT-Serie2-4-C2
EC_11187672,EB_11187675,2200116202d,EMT-Serie2-4,N14,EMT-Serie2-4-C2
EC_27084143,X-XXH.RLF9.177.2,2200116202d,EMT-Serie2-4,N15,EMT-Serie2-4-C2
EC_27084143,X-XXH.RLF9.177.2,2200116202d,EMT-Serie2-4,N16,EMT-Serie2-4-C2
EC_27084143,X-XXH.RLF9.177.2,2200116202d,EMT-Serie2-4,N17,EMT-Serie2-4-C2
EC_27084143,X-XXH.RLF9.177.2,2200116202d,EMT-Serie2-4,N18,EMT-Serie2-4-C2
EC_27084143,X-XXH.RLF9.177.2,2200116202d,EMT-Serie2-4,N19,EMT-Serie2-4-C2
EC_27084143,X-XXH.RLF9.177.2,2200116202d,EMT-Serie2-4,N20,EMT-Serie2-4-C2
EC_27084143,X-XXH.RLF9.177.2,2200116202d,EMT-Serie2-4,N21,EMT-Serie2-4-C2
EC_27084143,X-XXH.RLF9.177.2,2200116202d,EMT-Serie2-4,N22,EMT-Serie2-4-C2
EC_27084143,X-XXH.RLF9.177.2,2200116202d,EMT-Serie2-4,N23,EMT-Serie2-4-C2
EC_27084143,X-XXH.RLF9.177.2,2200116202d,EMT-Serie2-4,N24,EMT-Serie2-4-C2
EC_11190967,EB_11190969,2200116202d,EMT-Serie2-4,O05,EMT-Serie2-4-C2
EC_11190967,EB_11190969,2200116202d,EMT-Serie2-4,O06,EMT-Serie2-4-C2
EC_11190967,EB_11190969,2200116202d,EMT-Serie2-4,O07,EMT-Serie2-4-C2
EC_11190967,EB_11190969,2200116202d,EMT-Serie2-4,O08,EMT-Serie2-4-C2
EC_11190967,EB_11190969,2200116202d,EMT-Serie2-4,O09,EMT-Serie2-4-C2
EC_11190967,EB_11190969,2200116202d,EMT-Serie2-4,O10,EMT-Serie2-4-C2
EC_11190967,EB_11190969,2200116202d,EMT-Serie2-4,O11,EMT-Serie2-4-C2
EC_11190967,EB_11190969,2200116202d,EMT-Serie2-4,O12,EMT-Serie2-4-C2
EC_11190967,EB_11190969,2200116202d,EMT-Serie2-4,O13,EMT-Serie2-4-C2
EC_11190967,EB_11190969,2200116202d,EMT-Serie2-4,O14,EMT-Serie2-4-C2
EC_6772302,EB_28923299,2200116202d,EMT-Serie2-4,O15,EMT-Serie2-4-C2
EC_6772302,EB_28923299,2200116202d,EMT-Serie2-4,O16,EMT-Serie2-4-C2
EC_6772302,EB_28923299,2200116202d,EMT-Serie2-4,O17,EMT-Serie2-4-C2
EC_6772302,EB_28923299,2200116202d,EMT-Serie2-4,O18,EMT-Serie2-4-C2
EC_6772302,EB_28923299,2200116202d,EMT-Serie2-4,O19,EMT-Serie2-4-C2
EC_6772302,EB_28923299,2200116202d,EMT-Serie2-4,O20,EMT-Serie2-4-C2
EC_6772302,EB_28923299,2200116202d,EMT-Serie2-4,O21,EMT-Serie2-4-C2
EC_6772302,EB_28923299,2200116202d,EMT-Serie2-4,O22,EMT-Serie2-4-C2
EC_6772302,EB_28923299,2200116202d,EMT-Serie2-4,O23,EMT-Serie2-4-C2
EC_6772302,EB_28923299,2200116202d,EMT-Serie2-4,O24,EMT-Serie2-4-C2
EC_11262326,EB_11262328,2200116202d,EMT-Serie2-4,P05,EMT-Serie2-4-C2
EC_11262326,EB_11262328,2200116202d,EMT-Serie2-4,P06,EMT-Serie2-4-C2
EC_11262326,EB_11262328,2200116202d,EMT-Serie2-4,P07,EMT-Serie2-4-C2
EC_11262326,EB_11262328,2200116202d,EMT-Serie2-4,P08,EMT-Serie2-4-C2
EC_11262326,EB_11262328,2200116202d,EMT-Serie2-4,P09,EMT-Serie2-4-C2
EC_11262326,EB_11262328,2200116202d,EMT-Serie2-4,P10,EMT-Serie2-4-C2
EC_11262326,EB_11262328,2200116202d,EMT-Serie2-4,P11,EMT-Serie2-4-C2
EC_11262326,EB_11262328,2200116202d,EMT-Serie2-4,P12,EMT-Serie2-4-C2
EC_11262326,EB_11262328,2200116202d,EMT-Serie2-4,P13,EMT-Serie2-4-C2
EC_11262326,EB_11262328,2200116202d,EMT-Serie2-4,P14,EMT-Serie2-4-C2
X-WE60667960,X-XXH.QDH1.187.2,2200116202d,EMT-Serie2-4,P15,EMT-Serie2-4-C2
X-WE60667960,X-XXH.QDH1.187.2,2200116202d,EMT-Serie2-4,P16,EMT-Serie2-4-C2
X-WE60667960,X-XXH.QDH1.187.2,2200116202d,EMT-Serie2-4,P17,EMT-Serie2-4-C2
X-WE60667960,X-XXH.QDH1.187.2,2200116202d,EMT-Serie2-4,P18,EMT-Serie2-4-C2
X-WE60667960,X-XXH.QDH1.187.2,2200116202d,EMT-Serie2-4,P19,EMT-Serie2-4-C2
X-WE60667960,X-XXH.QDH1.187.2,2200116202d,EMT-Serie2-4,P20,EMT-Serie2-4-C2
X-WE60667960,X-XXH.QDH1.187.2,2200116202d,EMT-Serie2-4,P21,EMT-Serie2-4-C2
X-WE60667960,X-XXH.QDH1.187.2,2200116202d,EMT-Serie2-4,P22,EMT-Serie2-4-C2
X-WE60667960,X-XXH.QDH1.187.2,2200116202d,EMT-Serie2-4,P23,EMT-Serie2-4-C2
X-WE60667960,X-XXH.QDH1.187.2,2200116202d,EMT-Serie2-4,P24,EMT-Serie2-4-C2
EC_27082056,X-XXH.AIB81.707.2,2200116202e,EMT-Serie2-5,A05,EMT-Serie2-5-C2
EC_27082056,X-XXH.AIB81.707.2,2200116202e,EMT-Serie2-5,A06,EMT-Serie2-5-C2
EC_27082056,X-XXH.AIB81.707.2,2200116202e,EMT-Serie2-5,A07,EMT-Serie2-5-C2
EC_27082056,X-XXH.AIB81.707.2,2200116202e,EMT-Serie2-5,A08,EMT-Serie2-5-C2
EC_27082056,X-XXH.AIB81.707.2,2200116202e,EMT-Serie2-5,A09,EMT-Serie2-5-C2
EC_27082056,X-XXH.AIB81.707.2,2200116202e,EMT-Serie2-5,A10,EMT-Serie2-5-C2
EC_27082056,X-XXH.AIB81.707.2,2200116202e,EMT-Serie2-5,A11,EMT-Serie2-5-C2
EC_27082056,X-XXH.AIB81.707.2,2200116202e,EMT-Serie2-5,A12,EMT-Serie2-5-C2
EC_27082056,X-XXH.AIB81.707.2,2200116202e,EMT-Serie2-5,A13,EMT-Serie2-5-C2
EC_27082056,X-XXH.AIB81.707.2,2200116202e,EMT-Serie2-5,A14,EMT-Serie2-5-C2
Saracatinib,Selleckchem,2200116202e,EMT-Serie2-5,B05,EMT-Serie2-5-C2
Saracatinib,Selleckchem,2200116202e,EMT-Serie2-5,B06,EMT-Serie2-5-C2
Saracatinib,Selleckchem,2200116202e,EMT-Serie2-5,B07,EMT-Serie2-5-C2
Saracatinib,Selleckchem,2200116202e,EMT-Serie2-5,B08,EMT-Serie2-5-C2
Saracatinib,Selleckchem,2200116202e,EMT-Serie2-5,B09,EMT-Serie2-5-C2
Saracatinib,Selleckchem,2200116202e,EMT-Serie2-5,B10,EMT-Serie2-5-C2
Saracatinib,Selleckchem,2200116202e,EMT-Serie2-5,B11,EMT-Serie2-5-C2
Saracatinib,Selleckchem,2200116202e,EMT-Serie2-5,B12,EMT-Serie2-5-C2
Saracatinib,Selleckchem,2200116202e,EMT-Serie2-5,B13,EMT-Serie2-5-C2
Saracatinib,Selleckchem,2200116202e,EMT-Serie2-5,B14,EMT-Serie2-5-C2
Canertinib,Selleckchem,2200116202e,EMT-Serie2-5,C05,EMT-Serie2-5-C2
Canertinib,Selleckchem,2200116202e,EMT-Serie2-5,C06,EMT-Serie2-5-C2
Canertinib,Selleckchem,2200116202e,EMT-Serie2-5,C07,EMT-Serie2-5-C2
Canertinib,Selleckchem,2200116202e,EMT-Serie2-5,C08,EMT-Serie2-5-C2
Canertinib,Selleckchem,2200116202e,EMT-Serie2-5,C09,EMT-Serie2-5-C2
Canertinib,Selleckchem,2200116202e,EMT-Serie2-5,C10,EMT-Serie2-5-C2
Canertinib,Selleckchem,2200116202e,EMT-Serie2-5,C11,EMT-Serie2-5-C2
Canertinib,Selleckchem,2200116202e,EMT-Serie2-5,C12,EMT-Serie2-5-C2
Canertinib,Selleckchem,2200116202e,EMT-Serie2-5,C13,EMT-Serie2-5-C2
Canertinib,Selleckchem,2200116202e,EMT-Serie2-5,C14,EMT-Serie2-5-C2
