Plate,Well,Class,Nuclei,R/N,G/N,Eccent,CPD_ID,Concentration,Deselected_Nuclei,Deselected_R/N,Deselected_G/N
EMT-Serie2-1-C1,F15,2,0.044336961,0.310925118,0.148835221,0.134408181,EC_11188498,3.23E-05,True,True,Not Fitted
EMT-Serie2-1-C1,F16,2,0.580814188,0.744905293,0.816735298,-0.421303905,EC_11188498,9.68E-06,False,False,Not Fitted
EMT-Serie2-1-C1,F17,2,0.241434905,0.450893537,0.9875527,0.235944797,EC_11188498,2.90E-06,False,False,Not Fitted
EMT-Serie2-1-C1,F18,2,0.047561467,0.133513484,1.024362599,0.883723357,EC_11188498,8.71E-07,False,False,Not Fitted
EMT-Serie2-1-C1,F19,2,0.053204353,0.041497944,0.938337005,0.772455715,EC_11188498,2.61E-07,False,False,Not Fitted
EMT-Serie2-1-C1,F20,2,0.02700524,-0.026189214,1.193131234,1.181941509,EC_11188498,7.84E-08,False,False,Not Fitted
EMT-Serie2-1-C1,F21,2,-0.008867392,0.015939795,1.27282942,1.187394015,EC_11188498,2.35E-08,False,False,Not Fitted
EMT-Serie2-1-C1,F22,2,-0.012091898,0.041325345,0.926991436,0.897498109,EC_11188498,7.06E-09,False,False,Not Fitted
EMT-Serie2-1-C1,F23,2,0.035469569,0.101432977,0.87155775,0.764368266,EC_11188498,2.12E-09,False,False,Not Fitted
EMT-Serie2-1-C1,F24,2,-0.051189037,0.110273286,1.014092351,0.204299392,EC_11188498,6.35E-10,False,False,Not Fitted
EMT-Serie2-1-C2,F15,2,-0.02595296,0.473108278,0.189653137,0.184380862,EC_11188498,3.23E-05,True,True,Not Fitted
EMT-Serie2-1-C2,F16,2,0.441605839,0.66473899,0.920655748,-0.222239835,EC_11188498,9.68E-06,False,False,Not Fitted
EMT-Serie2-1-C2,F17,2,0.319951338,0.425976645,0.791286178,0.165940134,EC_11188498,2.90E-06,False,False,Not Fitted
EMT-Serie2-1-C2,F18,2,0.098540146,0.108349208,0.914055877,0.816992946,EC_11188498,8.71E-07,False,False,Not Fitted
EMT-Serie2-1-C2,F19,2,0.064476886,0.065316038,1.16167907,1.031756096,EC_11188498,2.61E-07,False,False,Not Fitted
EMT-Serie2-1-C2,F20,2,0.198296837,0.255737709,0.856513248,0.869144805,EC_11188498,7.84E-08,False,False,Not Fitted
EMT-Serie2-1-C2,F21,2,-0.052716951,-0.055276964,0.717247427,1.014557079,EC_11188498,2.35E-08,False,False,Not Fitted
EMT-Serie2-1-C2,F22,2,-0.03811841,0.024445752,0.888403144,0.980211883,EC_11188498,7.06E-09,False,False,Not Fitted
EMT-Serie2-1-C2,F23,2,-0.050283861,0.010412803,0.980303509,0.96200893,EC_11188498,2.12E-09,False,False,Not Fitted
EMT-Serie2-1-C2,F24,2,0.110300081,0.302282254,0.76390169,0.152756862,EC_11188498,6.35E-10,False,False,Not Fitted
EMT-Serie2-1-C3,F15,2,0.21545855,0.305004082,0.115878983,-0.492952335,EC_11188498,3.23E-05,True,True,Not Fitted
EMT-Serie2-1-C3,F16,2,0.578293953,0.710598723,0.561998356,-0.320782807,EC_11188498,9.68E-06,False,False,Not Fitted
EMT-Serie2-1-C3,F17,2,0.394873849,0.487011643,0.541740698,-0.118093409,EC_11188498,2.90E-06,False,False,Not Fitted
EMT-Serie2-1-C3,F18,2,0.054064878,0.030857483,0.975557881,0.732837075,EC_11188498,8.71E-07,False,False,Not Fitted
EMT-Serie2-1-C3,F19,2,0.043251902,0.068880233,1.169138338,0.845911874,EC_11188498,2.61E-07,False,False,Not Fitted
EMT-Serie2-1-C3,F20,2,-0.010012014,0.012430514,0.895525779,1.052491295,EC_11188498,7.84E-08,False,False,Not Fitted
EMT-Serie2-1-C3,F21,2,0.029235082,-0.063252877,0.946410194,1.011718093,EC_11188498,2.35E-08,False,False,Not Fitted
EMT-Serie2-1-C3,F22,2,-0.005206247,-0.002649401,0.776822518,0.747028455,EC_11188498,7.06E-09,False,False,Not Fitted
EMT-Serie2-1-C3,F23,2,0.140568682,0.136197389,0.640401608,0.709448913,EC_11188498,2.12E-09,False,False,Not Fitted
EMT-Serie2-1-C3,F24,2,-0.252703244,-0.084414531,0.882413844,0.684067715,EC_11188498,6.35E-10,False,False,Not Fitted
EMT-Serie2-1-C1,B15,2,0.893591294,0.902687826,0.435789062,-0.405050742,EC_11189194,3.23E-05,False,False,False
EMT-Serie2-1-C1,B16,2,0.472793229,0.70824282,0.548033598,-0.053272808,EC_11189194,9.68E-06,False,False,False
EMT-Serie2-1-C1,B17,2,0.225312374,0.278612681,0.766557475,0.376092458,EC_11189194,2.90E-06,False,False,False
EMT-Serie2-1-C1,B18,2,0.088673922,0.177619292,0.946660358,0.609897994,EC_11189194,8.71E-07,False,False,False
EMT-Serie2-1-C1,B19,2,0.142281338,0.162998262,1.104996502,0.639247606,EC_11189194,2.61E-07,False,False,False
EMT-Serie2-1-C1,B20,2,-0.006852076,0.077105945,1.2083555,0.907490021,EC_11189194,7.84E-08,False,False,False
EMT-Serie2-1-C1,B21,2,0.080209593,0.17457184,1.115508226,0.754845947,EC_11189194,2.35E-08,False,False,False
EMT-Serie2-1-C1,B22,2,0.004030633,0.096861798,0.87621747,0.513866061,EC_11189194,7.06E-09,False,False,False
EMT-Serie2-1-C1,B23,2,-0.020153164,0.121846864,1.100272641,0.29073074,EC_11189194,2.12E-09,False,False,False
EMT-Serie2-1-C1,B24,2,-0.008464329,0.178193724,0.796357042,0.011139809,EC_11189194,6.35E-10,False,False,False
EMT-Serie2-1-C2,B15,2,0.834144363,0.925672642,0.506279123,-0.427756202,EC_11189194,3.23E-05,False,False,False
EMT-Serie2-1-C2,B16,2,0.51865369,0.736876968,0.586387907,-0.084409923,EC_11189194,9.68E-06,False,False,False
EMT-Serie2-1-C2,B17,2,0.282643958,0.3485981,0.795386206,0.340334469,EC_11189194,2.90E-06,False,False,False
EMT-Serie2-1-C2,B18,2,0.090429846,0.111598415,1.011923151,0.899077964,EC_11189194,8.71E-07,False,False,False
EMT-Serie2-1-C2,B19,2,0.067721006,0.160279348,1.104776515,1.087844443,EC_11189194,2.61E-07,False,False,False
EMT-Serie2-1-C2,B20,2,0.011759935,0.120877481,0.972178128,0.813082878,EC_11189194,7.84E-08,False,False,False
EMT-Serie2-1-C2,B21,2,-0.015815085,0.054060951,1.13227835,1.043195688,EC_11189194,2.35E-08,False,False,False
EMT-Serie2-1-C2,B22,2,-0.02919708,0.113812896,0.992639152,0.535785052,EC_11189194,7.06E-09,False,False,False
EMT-Serie2-1-C2,B23,2,-0.024736415,0.085253341,1.259717031,0.714961296,EC_11189194,2.12E-09,False,False,False
EMT-Serie2-1-C2,B24,2,-0.132603406,0.045942117,1.029486063,0.439829859,EC_11189194,6.35E-10,False,False,False
EMT-Serie2-1-C3,B15,2,0.828594313,0.885337557,0.397743449,-0.560427422,EC_11189194,3.23E-05,False,False,False
EMT-Serie2-1-C3,B16,2,0.502202643,0.760659121,0.611469229,-0.023892424,EC_11189194,9.68E-06,False,False,False
EMT-Serie2-1-C3,B17,2,0.221866239,0.225717785,0.878351079,0.451578821,EC_11189194,2.90E-06,False,False,False
EMT-Serie2-1-C3,B18,2,0.133360032,0.143018723,0.885911816,0.605354784,EC_11189194,8.71E-07,False,False,False
EMT-Serie2-1-C3,B19,2,0.031237485,0.05694185,1.047227303,0.830735983,EC_11189194,2.61E-07,False,False,False
EMT-Serie2-1-C3,B20,2,-0.00720865,0.052925107,0.852096006,0.701548805,EC_11189194,7.84E-08,False,False,False
EMT-Serie2-1-C3,B21,2,-0.001201442,0.007895075,0.996037088,0.799495738,EC_11189194,2.35E-08,False,False,False
EMT-Serie2-1-C3,B22,2,0.002402883,0.069171038,0.946625502,0.582446872,EC_11189194,7.06E-09,False,False,False
EMT-Serie2-1-C3,B23,2,-0.145374449,-0.015233707,0.872369266,0.406315284,EC_11189194,2.12E-09,False,False,False
EMT-Serie2-1-C3,B24,2,-0.093311974,0.012313074,0.791900307,0.197718814,EC_11189194,6.35E-10,False,False,False
EMT-Serie2-1-C1,C05,2,0.750906892,0.872310387,0.206688565,-1.403668049,EC_11190878,3.23E-05,False,False,False
EMT-Serie2-1-C1,C06,2,0.655380895,0.934148055,0.726902694,-0.035558686,EC_11190878,9.68E-06,False,False,False
EMT-Serie2-1-C1,C07,2,0.390165256,0.646433469,0.889415607,0.0446375,EC_11190878,2.90E-06,False,False,False
EMT-Serie2-1-C1,C08,2,0.111245466,0.151997767,0.92492003,0.814823511,EC_11190878,8.71E-07,False,False,False
EMT-Serie2-1-C1,C09,2,-0.07980653,-0.055998964,0.867758286,1.231170593,EC_11190878,2.61E-07,False,False,False
EMT-Serie2-1-C1,C10,2,0.040306328,0.046189134,1.318079637,1.101197464,EC_11190878,7.84E-08,False,False,False
EMT-Serie2-1-C1,C11,2,-0.070536074,-0.040098274,1.195591264,1.5647909,EC_11190878,2.35E-08,False,False,False
EMT-Serie2-1-C1,C12,2,0.088270859,0.109435911,1.049404348,0.815188751,EC_11190878,7.06E-09,False,False,False
EMT-Serie2-1-C1,C13,2,-0.049576784,0.052495742,1.249327076,1.460619342,EC_11190878,2.12E-09,False,False,False
EMT-Serie2-1-C1,C14,2,0.036275695,0.109020595,1.005116259,0.96433696,EC_11190878,6.35E-10,False,False,False
EMT-Serie2-1-C2,C05,2,0.681265207,0.889507431,0.181951627,-1.563789596,EC_11190878,3.23E-05,False,False,False
EMT-Serie2-1-C2,C06,2,0.736415247,0.94880616,0.780941876,-0.19685081,EC_11190878,9.68E-06,False,False,False
EMT-Serie2-1-C2,C07,2,0.370640714,0.642909337,0.689190861,0.033235582,EC_11190878,2.90E-06,False,False,False
EMT-Serie2-1-C2,C08,2,0.100162206,0.050643008,0.881810385,0.760191276,EC_11190878,8.71E-07,False,False,False
EMT-Serie2-1-C2,C09,2,-0.050689376,0.115797283,1.016055183,1.039919685,EC_11190878,2.61E-07,False,False,False
EMT-Serie2-1-C2,C10,2,0.043390105,0.048666988,1.321366799,1.226678291,EC_11190878,7.84E-08,False,False,False
EMT-Serie2-1-C2,C11,2,-0.061232766,0.002259105,1.318831396,1.07260046,EC_11190878,2.35E-08,False,False,False
EMT-Serie2-1-C2,C12,2,0.043390105,0.064689903,1.2991918,1.117988957,EC_11190878,7.06E-09,False,False,False
EMT-Serie2-1-C2,C13,2,-0.092051906,0.023440311,1.237193547,1.388787615,EC_11190878,2.12E-09,False,False,False
EMT-Serie2-1-C2,C14,2,0.01297648,0.084433369,1.377995545,1.081635888,EC_11190878,6.35E-10,False,False,False
EMT-Serie2-1-C3,C05,2,0.716059271,0.873713747,0.167138784,-1.485364389,EC_11190878,3.23E-05,False,False,False
EMT-Serie2-1-C3,C06,2,0.720064077,0.9607623,0.569131598,-0.296290071,EC_11190878,9.68E-06,False,False,False
EMT-Serie2-1-C3,C07,2,0.435322387,0.690080195,0.611356895,0.175627326,EC_11190878,2.90E-06,False,False,False
EMT-Serie2-1-C3,C08,2,0.167801362,0.208644178,0.935095612,0.633785568,EC_11190878,8.71E-07,False,False,False
EMT-Serie2-1-C3,C09,2,-0.081297557,-0.039081112,1.012119646,1.226725897,EC_11190878,2.61E-07,False,False,False
EMT-Serie2-1-C3,C10,2,0.048057669,0.148283971,1.204395774,0.913458999,EC_11190878,7.84E-08,False,False,False
EMT-Serie2-1-C3,C11,2,-0.015618742,0.092035579,1.046016587,1.044231,EC_11190878,2.35E-08,False,False,False
EMT-Serie2-1-C3,C12,2,-0.032438927,-0.027883723,1.21364777,0.867523112,EC_11190878,7.06E-09,False,False,False
EMT-Serie2-1-C3,C13,2,-0.037244694,-0.024580011,1.34264212,1.583071197,EC_11190878,2.12E-09,False,False,False
EMT-Serie2-1-C3,C14,2,0.060072087,0.122101737,0.908668917,0.801584824,EC_11190878,6.35E-10,False,False,False
EMT-Serie2-1-C1,J15,2,0.33051189,0.828095356,0.369945525,-0.991599489,EC_11261632,3.23E-05,True,True,True
EMT-Serie2-1-C1,J16,2,0.598952035,0.897759313,0.720250802,0.050090005,EC_11261632,9.68E-06,False,False,False
EMT-Serie2-1-C1,J17,2,0.240225715,0.413687647,0.892113339,0.239231953,EC_11261632,2.90E-06,False,False,False
EMT-Serie2-1-C1,J18,2,0.077791213,0.111241459,1.068118688,0.938248415,EC_11261632,8.71E-07,False,False,False
EMT-Serie2-1-C1,J19,2,0.085449416,0.065539109,0.784886963,0.778769142,EC_11261632,2.61E-07,False,False,False
EMT-Serie2-1-C1,J20,2,-0.062877872,-0.00943227,1.153031233,1.312358144,EC_11261632,7.84E-08,False,False,False
EMT-Serie2-1-C1,J21,2,0.016122531,0.051891646,1.180563196,1.011609402,EC_11261632,2.35E-08,False,False,False
EMT-Serie2-1-C1,J22,2,0.10197501,0.143812795,1.015303501,0.679502231,EC_11261632,7.06E-09,False,False,False
EMT-Serie2-1-C1,J23,2,0.089480048,0.13388565,0.989710886,0.779917038,EC_11261632,2.12E-09,False,False,False
EMT-Serie2-1-C1,J24,2,0.196694881,0.198193643,0.665247244,0.119172471,EC_11261632,6.35E-10,False,False,False
EMT-Serie2-1-C2,J15,2,0.315085158,0.903162469,0.361135292,-1.160286386,EC_11261632,3.23E-05,True,True,True
EMT-Serie2-1-C2,J16,2,0.519059205,0.814955557,0.586800399,0.129745581,EC_11261632,9.68E-06,False,False,False
EMT-Serie2-1-C2,J17,2,0.321978913,0.449462974,0.861413368,0.536841827,EC_11261632,2.90E-06,False,False,False
EMT-Serie2-1-C2,J18,2,0.065693431,0.111351587,1.107351034,0.99273467,EC_11261632,8.71E-07,False,False,False
EMT-Serie2-1-C2,J19,2,0.106650446,0.057650419,1.197786341,1.023856701,EC_11261632,2.61E-07,False,False,False
EMT-Serie2-1-C2,J20,2,-0.048256285,-0.050274858,1.103983534,1.227655808,EC_11261632,7.84E-08,False,False,False
EMT-Serie2-1-C2,J21,2,0.04785077,0.034691214,0.855019743,0.91160075,EC_11261632,2.35E-08,False,False,False
EMT-Serie2-1-C2,J22,2,-0.113949716,-0.035798454,1.05480098,1.280388893,EC_11261632,7.06E-09,False,False,False
EMT-Serie2-1-C2,J23,2,-0.025547445,0.050393391,0.861630282,0.89751922,EC_11261632,2.12E-09,False,False,False
EMT-Serie2-1-C2,J24,2,-0.169099757,-0.018017063,1.125450896,0.759742147,EC_11261632,6.35E-10,False,False,False
EMT-Serie2-1-C3,J15,2,0.378053664,0.906346818,0.483885301,-0.983287309,EC_11261632,3.23E-05,True,True,True
EMT-Serie2-1-C3,J16,2,0.584301161,0.864553391,0.651525846,0.12844279,EC_11261632,9.68E-06,False,False,False
EMT-Serie2-1-C3,J17,2,0.376051262,0.411227588,0.709215861,0.299651819,EC_11261632,2.90E-06,False,False,False
EMT-Serie2-1-C3,J18,2,0.162995595,0.131775197,0.954679263,0.713218874,EC_11261632,8.71E-07,False,False,False
EMT-Serie2-1-C3,J19,2,0.227873448,0.195355229,1.048338167,0.770032417,EC_11261632,2.61E-07,False,False,False
EMT-Serie2-1-C3,J20,2,0.085302363,0.046861543,0.919403104,0.630976108,EC_11261632,7.84E-08,False,False,False
EMT-Serie2-1-C3,J21,2,0.058470164,0.044712662,1.051745647,0.813158843,EC_11261632,2.35E-08,False,False,False
EMT-Serie2-1-C3,J22,2,-0.044453344,-0.015853065,0.944194708,0.983911634,EC_11261632,7.06E-09,False,False,False
EMT-Serie2-1-C3,J23,2,-0.025230276,0.003793048,0.955537374,0.834025693,EC_11261632,2.12E-09,False,False,False
EMT-Serie2-1-C3,J24,2,-0.118942731,0.078947957,1.183114624,0.792604154,EC_11261632,6.35E-10,False,False,False
EMT-Serie2-2-C1,G15,2,-0.618457851,-0.176858447,0.008320416,-1.741673725,EC_11190448,3.23E-05,True,True,True
EMT-Serie2-2-C1,G16,2,0.845385537,0.972692386,0.08424229,-0.455479358,EC_11190448,9.68E-06,False,False,False
EMT-Serie2-2-C1,G17,2,0.817019577,0.975484781,0.292757632,-0.169203027,EC_11190448,2.90E-06,False,False,False
EMT-Serie2-2-C1,G18,2,0.789852177,0.96678344,0.45728328,-0.299090189,EC_11190448,8.71E-07,False,False,False
EMT-Serie2-2-C1,G19,2,0.393927287,0.695421112,0.530041813,-0.133575585,EC_11190448,2.61E-07,False,False,False
EMT-Serie2-2-C1,G20,2,0.698361966,0.896553479,0.560321269,0.024015737,EC_11190448,7.84E-08,False,False,False
EMT-Serie2-2-C1,G21,2,0.467439073,0.579849987,0.630170467,0.073249365,EC_11190448,2.35E-08,False,False,False
EMT-Serie2-2-C1,G22,2,0.376747903,0.461586766,0.695017849,0.193956449,EC_11190448,7.06E-09,False,False,False
EMT-Serie2-2-C1,G23,2,0.148621654,0.342932523,0.764335535,0.362093932,EC_11190448,2.12E-09,False,False,False
EMT-Serie2-2-C1,G24,2,0.344386736,0.462973515,0.553808836,-0.274118193,EC_11190448,6.35E-10,False,False,False
EMT-Serie2-2-C2,G15,2,-0.790401969,-0.25990524,-0.002741498,0.288532618,EC_11190448,3.23E-05,True,True,True
EMT-Serie2-2-C2,G16,2,0.887202625,0.980078301,0.116899485,-0.48708713,EC_11190448,9.68E-06,False,False,False
EMT-Serie2-2-C2,G17,2,0.861361772,0.992415838,0.24757681,-0.201308944,EC_11190448,2.90E-06,False,False,False
EMT-Serie2-2-C2,G18,2,0.783018868,0.969592093,0.306331041,-0.251430186,EC_11190448,8.71E-07,False,False,False
EMT-Serie2-2-C2,G19,2,0.562346185,0.75107936,0.576193787,-0.136167808,EC_11190448,2.61E-07,False,False,False
EMT-Serie2-2-C2,G20,2,0.691550451,0.916852265,0.419210145,-0.189396615,EC_11190448,7.84E-08,False,False,False
EMT-Serie2-2-C2,G21,2,0.365053322,0.658571584,0.6777162,0.022482755,EC_11190448,2.35E-08,False,False,False
EMT-Serie2-2-C2,G22,2,0.36464315,0.564913889,0.629644984,0.087670975,EC_11190448,7.06E-09,False,False,False
EMT-Serie2-2-C2,G23,2,0.282608696,0.330845799,0.861046989,0.163288368,EC_11190448,2.12E-09,False,False,False
EMT-Serie2-2-C2,G24,2,0.400328138,0.634994732,0.56805315,0.000306048,EC_11190448,6.35E-10,False,False,False
EMT-Serie2-2-C3,G15,2,-0.759011746,-0.180582172,-0.034353116,0.629869826,EC_11190448,3.23E-05,True,True,True
EMT-Serie2-2-C3,G16,2,0.831510733,0.977110323,0.073041387,-0.392676531,EC_11190448,9.68E-06,False,False,False
EMT-Serie2-2-C3,G17,2,0.747671122,0.953905657,0.183760757,-0.275051508,EC_11190448,2.90E-06,False,False,False
EMT-Serie2-2-C3,G18,2,0.779667882,0.934558911,0.277825283,-0.2783761,EC_11190448,8.71E-07,False,False,False
EMT-Serie2-2-C3,G19,2,0.498582422,0.649542499,0.5552496,-0.207201723,EC_11190448,2.61E-07,False,False,False
EMT-Serie2-2-C3,G20,2,0.658161199,0.916736935,0.378358744,-0.131813074,EC_11190448,7.84E-08,False,False,False
EMT-Serie2-2-C3,G21,2,0.314702309,0.469778462,0.49422209,0.114979397,EC_11190448,2.35E-08,False,False,False
EMT-Serie2-2-C3,G22,2,0.297691373,0.502876018,0.58987637,0.072953737,EC_11190448,7.06E-09,False,False,False
EMT-Serie2-2-C3,G23,2,0.327257999,0.323301532,0.512951324,0.034299494,EC_11190448,2.12E-09,False,False,False
EMT-Serie2-2-C3,G24,2,0.414337789,0.480546632,0.426011979,-0.068294624,EC_11190448,6.35E-10,False,False,False
EMT-Serie2-2-C1,N05,2,-0.049940072,-0.147649504,-0.025863394,-1.699844267,EC_11258179,3.23E-05,True,True,True
EMT-Serie2-2-C1,N06,2,0.912504994,0.919965404,0.649696576,-0.255211606,EC_11258179,9.68E-06,False,False,False
EMT-Serie2-2-C1,N07,2,0.512185378,0.647586999,0.619598954,0.020354635,EC_11258179,2.90E-06,False,False,False
EMT-Serie2-2-C1,N08,2,0.281662006,0.241984766,0.820706683,0.458894566,EC_11258179,8.71E-07,False,False,False
EMT-Serie2-2-C1,N09,2,0.052736716,-0.075839463,1.032254446,0.962104861,EC_11258179,2.61E-07,False,False,False
EMT-Serie2-2-C1,N10,2,-0.028365961,-0.07390034,0.997678127,1.104997131,EC_11258179,7.84E-08,False,False,False
EMT-Serie2-2-C1,N11,2,0.122253296,0.106362473,0.978414978,0.879320237,EC_11258179,2.35E-08,False,False,False
EMT-Serie2-2-C1,N12,2,-0.014782261,-0.04008053,0.961023314,1.095489194,EC_11258179,7.06E-09,False,False,False
EMT-Serie2-2-C1,N13,2,0.043947263,-0.057526819,1.048353694,0.969454386,EC_11258179,2.12E-09,False,False,False
EMT-Serie2-2-C1,N14,2,0.051538154,-0.082954909,1.052032324,0.925138657,EC_11258179,6.35E-10,False,False,False
EMT-Serie2-2-C2,N05,2,-0.068088597,-0.119549757,-0.005392858,-1.787649787,EC_11258179,3.23E-05,True,True,True
EMT-Serie2-2-C2,N06,2,0.862182116,0.907712987,0.878025494,-0.182545848,EC_11258179,9.68E-06,False,False,False
EMT-Serie2-2-C2,N07,2,0.572600492,0.697828146,0.609444144,0.041928573,EC_11258179,2.90E-06,False,False,False
EMT-Serie2-2-C2,N08,2,0.280147662,0.248965352,0.813713833,0.296230901,EC_11258179,8.71E-07,False,False,False
EMT-Serie2-2-C2,N09,2,0.066037736,0.066916119,0.987374475,0.838618547,EC_11258179,2.61E-07,False,False,False
EMT-Serie2-2-C2,N10,2,-0.002871206,-0.022799992,1.026174409,0.783223862,EC_11258179,7.84E-08,False,False,False
EMT-Serie2-2-C2,N11,2,0.016406891,0.007793747,1.161223558,1.159074323,EC_11258179,2.35E-08,False,False,False
EMT-Serie2-2-C2,N12,2,0.029122231,-0.04334765,0.855060857,0.778350637,EC_11258179,7.06E-09,False,False,False
EMT-Serie2-2-C2,N13,2,-0.010664479,-0.033522332,1.097006117,1.044094451,EC_11258179,2.12E-09,False,False,False
EMT-Serie2-2-C2,N14,2,0.152994258,0.230952268,0.900845659,0.828518963,EC_11258179,6.35E-10,False,False,False
EMT-Serie2-2-C3,N05,2,-0.037667072,-0.099210436,-0.020978481,-1.743982956,EC_11258179,3.23E-05,True,True,True
EMT-Serie2-2-C3,N06,2,0.925475901,0.905030767,0.759302438,-0.202144596,EC_11258179,9.68E-06,False,False,False
EMT-Serie2-2-C3,N07,2,0.634669907,0.744639958,0.593600561,-0.054457764,EC_11258179,2.90E-06,False,False,False
EMT-Serie2-2-C3,N08,2,0.219927096,0.182166875,0.842212438,0.470102079,EC_11258179,8.71E-07,False,False,False
EMT-Serie2-2-C3,N09,2,0.179829891,0.121340516,0.937755156,0.838195355,EC_11258179,2.61E-07,False,False,False
EMT-Serie2-2-C3,N10,2,0.062373431,-0.034365875,1.010847731,0.879799588,EC_11258179,7.84E-08,False,False,False
EMT-Serie2-2-C3,N11,2,0.0818145,-0.040246138,0.945981188,0.88169601,EC_11258179,2.35E-08,False,False,False
EMT-Serie2-2-C3,N12,2,0.069258809,-0.0237552,0.835292334,0.835783855,EC_11258179,7.06E-09,False,False,False
EMT-Serie2-2-C3,N13,2,0.093965168,0.005163871,1.180923481,1.002388088,EC_11258179,2.12E-09,False,False,False
EMT-Serie2-2-C3,N14,2,0.058323208,0.001115006,0.952727387,1.055839108,EC_11258179,6.35E-10,False,False,False
EMT-Serie2-2-C1,P05,2,-0.2776668,0.77922784,0.008583375,-4.4050709,EC_11259640,3.23E-05,True,True,True
EMT-Serie2-2-C1,P06,2,0.861765881,0.958877228,0.481965065,-0.797519193,EC_11259640,9.68E-06,False,False,False
EMT-Serie2-2-C1,P07,2,0.405912905,0.479745327,0.490897281,-0.408240212,EC_11259640,2.90E-06,False,False,False
EMT-Serie2-2-C1,P08,2,0.233719537,0.145560659,0.536198972,0.102073714,EC_11259640,8.71E-07,False,False,False
EMT-Serie2-2-C1,P09,2,-0.084298841,-0.129018519,0.678885031,0.607497063,EC_11259640,2.61E-07,False,False,False
EMT-Serie2-2-C1,P10,2,-0.077906512,-0.124233218,0.75158202,0.56607743,EC_11259640,7.84E-08,False,False,False
EMT-Serie2-2-C1,P11,2,-0.0135837,-0.069341803,0.748303425,0.667877927,EC_11259640,2.35E-08,False,False,False
EMT-Serie2-2-C1,P12,2,-0.018777467,-0.08761956,0.714549553,0.514767356,EC_11259640,7.06E-09,False,False,False
EMT-Serie2-2-C1,P13,2,0.035557331,-0.100023258,0.722961445,0.419442092,EC_11259640,2.12E-09,False,False,False
EMT-Serie2-2-C1,P14,2,-0.097882541,-0.129210396,0.906045289,0.719734433,EC_11259640,6.35E-10,False,False,False
EMT-Serie2-2-C2,P05,2,-0.66611977,0.338520781,-0.026669694,-2.834687007,EC_11259640,3.23E-05,True,True,True
EMT-Serie2-2-C2,P06,2,0.882280558,0.979006626,0.529096182,-0.62294889,EC_11259640,9.68E-06,False,False,False
EMT-Serie2-2-C2,P07,2,0.420836751,0.734678679,0.412134197,-0.334486899,EC_11259640,2.90E-06,False,False,False
EMT-Serie2-2-C2,P08,2,0.031993437,0.117534952,0.601347476,-0.006921393,EC_11259640,8.71E-07,False,False,False
EMT-Serie2-2-C2,P09,2,-0.019688269,-0.034582829,0.576655467,0.24436754,EC_11259640,2.61E-07,False,False,False
EMT-Serie2-2-C2,P10,2,-0.094749795,-0.087451202,0.609802181,0.211997081,EC_11259640,7.84E-08,False,False,False
EMT-Serie2-2-C2,P11,2,-0.191550451,-0.143322221,1.031670596,0.962874026,EC_11259640,2.35E-08,False,False,False
EMT-Serie2-2-C2,P12,2,-0.073010664,-0.028014453,0.634933886,0.610471549,EC_11259640,7.06E-09,False,False,False
EMT-Serie2-2-C2,P13,2,0.148892535,0.035634943,0.694971084,0.20936036,EC_11259640,2.12E-09,False,False,False
EMT-Serie2-2-C2,P14,2,-0.09926169,-0.092193399,0.661723868,0.410174918,EC_11259640,6.35E-10,False,False,False
EMT-Serie2-2-C3,P05,2,-0.524098825,0.454314724,-0.01862978,-3.880525379,EC_11259640,3.23E-05,True,True,True
EMT-Serie2-2-C3,P06,2,0.916970433,0.909585566,0.441778267,-0.819067241,EC_11259640,9.68E-06,False,False,False
EMT-Serie2-2-C3,P07,2,0.441474281,0.564407618,0.504029673,-0.330984267,EC_11259640,2.90E-06,False,False,False
EMT-Serie2-2-C3,P08,2,0.236127987,0.166710105,0.544401869,-0.078291815,EC_11259640,8.71E-07,False,False,False
EMT-Serie2-2-C3,P09,2,-0.206561361,-0.111849028,0.961908256,0.912530436,EC_11259640,2.61E-07,False,False,False
EMT-Serie2-2-C3,P10,2,0.068853787,0.072476777,0.811427983,0.596858026,EC_11259640,7.84E-08,False,False,False
EMT-Serie2-2-C3,P11,2,-0.057513163,-0.098383938,0.819624483,0.715583443,EC_11259640,2.35E-08,False,False,False
EMT-Serie2-2-C3,P12,2,-0.089509923,-0.005942981,0.846133503,0.929715302,EC_11259640,7.06E-09,False,False,False
EMT-Serie2-2-C3,P13,2,-0.076954232,-0.111132637,0.749763916,0.695050571,EC_11259640,2.12E-09,False,False,False
EMT-Serie2-2-C3,P14,2,0.05346294,-0.052073563,0.857040295,0.406419742,EC_11259640,6.35E-10,False,False,False
EMT-Serie2-2-C1,M05,2,-0.005593288,-0.100853272,-0.037606754,-4.003934319,EC_11261900,3.23E-05,True,True,True
EMT-Serie2-2-C1,M06,2,0.740711147,0.40837137,0.118081205,-0.421518538,EC_11261900,9.68E-06,False,True,False
EMT-Serie2-2-C1,M07,2,0.657610867,0.797963485,0.514171955,-0.272232999,EC_11261900,2.90E-06,False,False,False
EMT-Serie2-2-C1,M08,2,0.461046744,0.295784516,0.575279163,0.360072129,EC_11261900,8.71E-07,False,False,False
EMT-Serie2-2-C1,M09,2,0.023571714,-0.009771201,1.033367826,0.956367312,EC_11261900,2.61E-07,False,False,False
EMT-Serie2-2-C1,M10,2,0.032760687,-0.060461668,1.222007379,1.174995219,EC_11261900,7.84E-08,False,False,False
EMT-Serie2-2-C1,M11,2,0.065121854,0.006856703,0.967756744,0.92798011,EC_11261900,2.35E-08,False,False,False
EMT-Serie2-2-C1,M12,2,0.089492609,0.082492659,0.966523074,0.946340264,EC_11261900,7.06E-09,False,False,False
EMT-Serie2-2-C1,M13,2,0.037155414,0.065386516,1.04941672,1.179312041,EC_11261900,2.12E-09,False,False,False
EMT-Serie2-2-C1,M14,2,0.116660008,0.070821583,1.152795996,0.907324936,EC_11261900,6.35E-10,False,False,False
EMT-Serie2-2-C2,M05,2,-0.171041838,-0.208620348,-0.049663068,-4.53937425,EC_11261900,3.23E-05,True,True,True
EMT-Serie2-2-C2,M06,2,0.630434783,0.286207109,0.090829974,-0.521529298,EC_11261900,9.68E-06,False,True,False
EMT-Serie2-2-C2,M07,2,0.740771124,0.863391467,0.422196929,-0.295524637,EC_11261900,2.90E-06,False,False,False
EMT-Serie2-2-C2,M08,2,0.398277276,0.436188525,0.629352901,0.233632319,EC_11261900,8.71E-07,False,False,False
EMT-Serie2-2-C2,M09,2,0.11730927,0.054247438,0.763189748,0.446735881,EC_11261900,2.61E-07,False,False,False
EMT-Serie2-2-C2,M10,2,0.100082034,0.080001174,1.026171269,0.785342656,EC_11261900,7.84E-08,False,False,False
EMT-Serie2-2-C2,M11,2,0.028712059,0.027843991,1.008046417,1.028980389,EC_11261900,2.35E-08,False,False,False
EMT-Serie2-2-C2,M12,2,0.011484824,0.100439848,1.054503324,0.986063046,EC_11261900,7.06E-09,False,False,False
EMT-Serie2-2-C2,M13,2,-0.020098441,0.023040316,1.172793815,1.110459778,EC_11261900,2.12E-09,False,False,False
EMT-Serie2-2-C2,M14,2,0.072600492,0.023625755,1.077866826,0.805541823,EC_11261900,6.35E-10,False,False,False
EMT-Serie2-2-C3,M05,2,-0.186310247,-0.230330111,-0.049335847,-4.367999625,EC_11261900,3.23E-05,True,True,True
EMT-Serie2-2-C3,M06,2,0.606318348,0.334535217,0.130161285,-0.348567147,EC_11261900,9.68E-06,False,True,False
EMT-Serie2-2-C3,M07,2,0.744025921,0.843879663,0.415046124,-0.2145767,EC_11261900,2.90E-06,False,False,False
EMT-Serie2-2-C3,M08,2,0.378290806,0.287592075,0.566697795,0.307922832,EC_11261900,8.71E-07,False,False,False
EMT-Serie2-2-C3,M09,2,0.103685703,0.031465466,0.932229573,0.762361866,EC_11261900,2.61E-07,False,False,False
EMT-Serie2-2-C3,M10,2,0.074119077,0.035274605,1.169248882,1.18299307,EC_11261900,7.84E-08,False,False,False
EMT-Serie2-2-C3,M11,2,0.076144188,-0.001013262,1.026781361,1.04158082,EC_11261900,2.35E-08,False,False,False
EMT-Serie2-2-C3,M12,2,0.074119077,0.087546081,1.091565873,1.059772429,EC_11261900,7.06E-09,False,False,False
EMT-Serie2-2-C3,M13,2,0.037667072,0.004844701,0.962800749,1.01926859,EC_11261900,2.12E-09,False,False,False
EMT-Serie2-2-C3,M14,2,0.102065614,0.007444058,0.985103237,0.955726728,EC_11261900,6.35E-10,False,False,False
EMT-Serie2-2-C1,K05,2,-0.172992409,-0.386793761,-0.046344855,-2.033605639,EC_11262380,3.23E-05,True,True,True
EMT-Serie2-2-C1,K06,2,0.934478626,0.916949153,0.540557378,-0.261058441,EC_11262380,9.68E-06,False,False,False
EMT-Serie2-2-C1,K07,2,0.546943668,0.726085124,0.585092571,-0.089533073,EC_11262380,2.90E-06,False,False,False
EMT-Serie2-2-C1,K08,2,0.237714742,0.35895863,0.887691306,0.409141827,EC_11262380,8.71E-07,False,False,False
EMT-Serie2-2-C1,K09,2,0.141829804,0.114886473,0.915539789,0.567224939,EC_11262380,2.61E-07,False,False,False
EMT-Serie2-2-C1,K10,2,0.065521374,0.05288688,1.13214252,1.063987323,EC_11262380,7.84E-08,False,False,False
EMT-Serie2-2-C1,K11,2,0.112265282,0.088333285,0.947327063,1.147700882,EC_11262380,2.35E-08,False,False,False
EMT-Serie2-2-C1,K12,2,0.141030763,-0.000979737,1.062810848,0.782328352,EC_11262380,7.06E-09,False,False,False
EMT-Serie2-2-C1,K13,2,-0.015980823,0.01238044,1.10076647,1.161744215,EC_11262380,2.12E-09,False,False,False
EMT-Serie2-2-C1,K14,2,0.071514183,0.007522458,1.184046162,1.459522964,EC_11262380,6.35E-10,False,False,False
EMT-Serie2-2-C2,K05,2,-0.313781788,-0.298813193,-0.046675059,-2.687218966,EC_11262380,3.23E-05,True,True,True
EMT-Serie2-2-C2,K06,2,1.060705496,0.936180142,0.684927196,-0.167219907,EC_11262380,9.68E-06,False,False,False
EMT-Serie2-2-C2,K07,2,0.651763741,0.768778067,0.531781462,-0.233232102,EC_11262380,2.90E-06,False,False,False
EMT-Serie2-2-C2,K08,2,0.280147662,0.24401357,0.668919161,0.252089366,EC_11262380,8.71E-07,False,False,False
EMT-Serie2-2-C2,K09,2,0.067678425,0.052773361,1.148654565,0.743437625,EC_11262380,2.61E-07,False,False,False
EMT-Serie2-2-C2,K10,2,0.00369155,0.018124862,0.890663581,0.985380323,EC_11262380,7.84E-08,False,False,False
EMT-Serie2-2-C2,K11,2,0.000820345,0.012238334,0.980314231,0.835087224,EC_11262380,2.35E-08,False,False,False
EMT-Serie2-2-C2,K12,2,0.015996719,0.029882549,1.11972264,0.960755232,EC_11262380,7.06E-09,False,False,False
EMT-Serie2-2-C2,K13,2,0.041837572,0.111638643,1.170117958,0.87868729,EC_11262380,2.12E-09,False,False,False
EMT-Serie2-2-C2,K14,2,0.026251025,0.046428541,1.271769138,1.128351814,EC_11262380,6.35E-10,False,False,False
EMT-Serie2-2-C3,K05,2,-0.236127987,-0.297708245,-0.037786361,-2.524957857,EC_11262380,3.23E-05,True,True,True
EMT-Serie2-2-C3,K06,2,0.962737951,0.908543036,0.561766113,-0.262619404,EC_11262380,9.68E-06,False,False,False
EMT-Serie2-2-C3,K07,2,0.652085865,0.771145041,0.437095958,-0.061013298,EC_11262380,2.90E-06,False,False,False
EMT-Serie2-2-C3,K08,2,0.218307007,0.184855433,0.795445134,0.219001686,EC_11262380,8.71E-07,False,False,False
EMT-Serie2-2-C3,K09,2,0.078574322,0.036534562,0.958354689,0.778165387,EC_11262380,2.61E-07,False,False,False
EMT-Serie2-2-C3,K10,2,-0.021871203,-0.090354502,0.9361572,1.219938191,EC_11262380,7.84E-08,False,False,False
EMT-Serie2-2-C3,K11,2,0.089509923,-0.082535523,1.223382536,1.560498221,EC_11262380,2.35E-08,False,False,False
EMT-Serie2-2-C3,K12,2,0.05346294,-0.015366175,0.85777529,0.899934445,EC_11262380,7.06E-09,False,False,False
EMT-Serie2-2-C3,K13,2,0.100850547,0.077283846,0.949918658,1.145205095,EC_11262380,2.12E-09,False,False,False
EMT-Serie2-2-C3,K14,2,0.051437829,-0.018838024,1.11166994,1.31513392,EC_11262380,6.35E-10,False,False,False
EMT-Serie2-2-C1,J15,2,-0.030363564,0.795746722,-0.012693649,-5.169203027,EC_11301156,3.23E-05,True,True,Not Fitted
EMT-Serie2-2-C1,J16,2,0.522972433,0.841029741,0.499367919,-0.806234802,EC_11301156,9.68E-06,False,False,Not Fitted
EMT-Serie2-2-C1,J17,2,0.240511386,0.243133122,0.845782906,0.474003443,EC_11301156,2.90E-06,False,False,Not Fitted
EMT-Serie2-2-C1,J18,2,0.085497403,0.040823328,1.063185704,0.815824704,EC_11301156,8.71E-07,False,False,Not Fitted
EMT-Serie2-2-C1,J19,2,0.123052337,0.087264878,0.986449216,0.52719871,EC_11301156,2.61E-07,False,False,Not Fitted
EMT-Serie2-2-C1,J20,2,0.096683979,0.104189319,0.887050693,0.466134805,EC_11301156,7.84E-08,False,False,Not Fitted
EMT-Serie2-2-C1,J21,2,0.13224131,0.087623921,0.897781661,0.667468102,EC_11301156,2.35E-08,False,False,Not Fitted
EMT-Serie2-2-C1,J22,2,0.072712745,-0.036219728,0.824804928,0.845195486,EC_11301156,7.06E-09,False,False,Not Fitted
EMT-Serie2-2-C1,J23,2,0.170595286,0.073504957,0.637723547,0.312423158,EC_11301156,2.12E-09,False,False,Not Fitted
EMT-Serie2-2-C1,J24,2,-0.098681582,-0.065188825,0.873203381,0.348077921,EC_11301156,6.35E-10,False,False,Not Fitted
EMT-Serie2-2-C2,J15,2,-0.458162428,0.45163909,-0.013268108,-4.439367187,EC_11301156,3.23E-05,True,True,Not Fitted
EMT-Serie2-2-C2,J16,2,0.555783429,0.847275822,0.667892159,-0.629328813,EC_11301156,9.68E-06,False,False,Not Fitted
EMT-Serie2-2-C2,J17,2,0.222313372,0.239624872,0.829376393,0.341031617,EC_11301156,2.90E-06,False,False,Not Fitted
EMT-Serie2-2-C2,J18,2,0.16242822,0.097138194,0.794181957,0.474962921,EC_11301156,8.71E-07,False,False,Not Fitted
EMT-Serie2-2-C2,J19,2,0.219852338,0.139637726,1.117571276,0.624455588,EC_11301156,2.61E-07,False,False,Not Fitted
EMT-Serie2-2-C2,J20,2,0.08490566,0.077671992,0.76037256,0.404454175,EC_11301156,7.84E-08,False,False,Not Fitted
EMT-Serie2-2-C2,J21,2,0.294503692,0.333411112,0.789810133,0.557030864,EC_11301156,2.35E-08,False,False,Not Fitted
EMT-Serie2-2-C2,J22,2,0.193601313,0.125109333,0.675615086,0.386585682,EC_11301156,7.06E-09,False,False,Not Fitted
EMT-Serie2-2-C2,J23,2,0.042657916,0.002392057,0.860475386,0.475692728,EC_11301156,2.12E-09,False,False,Not Fitted
EMT-Serie2-2-C2,J24,2,-0.097621001,-0.01132734,0.897858874,0.625303105,EC_11301156,6.35E-10,False,False,Not Fitted
EMT-Serie2-2-C3,J15,2,-0.490481977,0.312777271,-0.037806114,-2.97117906,EC_11301156,3.23E-05,True,True,Not Fitted
EMT-Serie2-2-C3,J16,2,0.545565006,0.795835453,0.566307329,-0.519596366,EC_11301156,9.68E-06,False,False,Not Fitted
EMT-Serie2-2-C3,J17,2,0.236533009,0.218348816,0.72160444,0.309819255,EC_11301156,2.90E-06,False,False,Not Fitted
EMT-Serie2-2-C3,J18,2,0.178209802,0.079053918,0.591270891,0.448398577,EC_11301156,8.71E-07,False,False,Not Fitted
EMT-Serie2-2-C3,J19,2,0.038072094,-0.029136498,0.863796338,0.781162203,EC_11301156,2.61E-07,False,False,Not Fitted
EMT-Serie2-2-C3,J20,2,0.121506683,0.123758685,0.712010138,0.618257164,EC_11301156,7.84E-08,False,False,Not Fitted
EMT-Serie2-2-C3,J21,2,0.125961928,0.054169774,0.68320098,0.303240307,EC_11301156,2.35E-08,False,False,Not Fitted
EMT-Serie2-2-C3,J22,2,-0.031591738,-0.011271316,0.639153811,0.765780109,EC_11301156,7.06E-09,False,False,Not Fitted
EMT-Serie2-2-C3,J23,2,0.155933576,0.073534638,0.871946902,0.287764563,EC_11301156,2.12E-09,False,False,Not Fitted
EMT-Serie2-2-C3,J24,2,0.058323208,-0.023809557,0.540776115,0.091519948,EC_11301156,6.35E-10,False,False,Not Fitted
EMT-Serie2-3-C1,D15,2,0.685294118,0.911086826,0.543761305,-0.471743876,EC_11188057,3.23E-05,False,False,False
EMT-Serie2-3-C1,D16,2,0.835714286,0.260830571,0.041290571,-0.76092651,EC_11188057,9.68E-06,False,False,False
EMT-Serie2-3-C1,D17,2,0.762184874,0.969185063,0.528994938,-0.301697793,EC_11188057,2.90E-06,False,False,False
EMT-Serie2-3-C1,D18,2,0.365966387,0.739734433,0.658180668,-0.214504002,EC_11188057,8.71E-07,False,False,False
EMT-Serie2-3-C1,D19,2,0.234033613,0.385861146,0.871929828,0.398835799,EC_11188057,2.61E-07,False,False,False
EMT-Serie2-3-C1,D20,2,-0.053781513,-0.054223304,0.931916239,1.078995877,EC_11188057,7.84E-08,False,False,False
EMT-Serie2-3-C1,D21,2,-0.000840336,-0.012781984,0.806859115,0.884816881,EC_11188057,2.35E-08,False,False,False
EMT-Serie2-3-C1,D22,2,-0.033193277,-0.027489276,0.887405147,0.814115935,EC_11188057,7.06E-09,False,False,False
EMT-Serie2-3-C1,D23,2,-0.124789916,-0.006589816,0.901257522,0.74533107,EC_11188057,2.12E-09,False,False,False
EMT-Serie2-3-C1,D24,2,-0.082352941,-0.002122702,0.762344547,0.016856658,EC_11188057,6.35E-10,False,False,False
EMT-Serie2-3-C2,D15,2,0.880726016,0.54784811,0.10039744,-1.307430545,EC_11188057,3.23E-05,False,False,False
EMT-Serie2-3-C2,D16,2,0.775280899,0.235329167,0.06259516,-0.862969171,EC_11188057,9.68E-06,False,False,False
EMT-Serie2-3-C2,D17,2,0.781331029,0.95669016,0.559411379,-0.333206359,EC_11188057,2.90E-06,False,False,False
EMT-Serie2-3-C2,D18,2,0.420051858,0.800891243,0.429371829,-0.249657169,EC_11188057,8.71E-07,False,False,False
EMT-Serie2-3-C2,D19,2,0.192307692,0.362573722,0.745221909,0.544771192,EC_11188057,2.61E-07,False,False,False
EMT-Serie2-3-C2,D20,2,0.027225583,-0.014613541,0.758775319,0.742191071,EC_11188057,7.84E-08,False,False,False
EMT-Serie2-3-C2,D21,2,0.060933449,0.12487599,0.813179466,0.599497181,EC_11188057,2.35E-08,False,False,False
EMT-Serie2-3-C2,D22,2,-0.105445117,0.004947077,0.845768733,0.824546701,EC_11188057,7.06E-09,False,False,False
EMT-Serie2-3-C2,D23,2,-0.138288678,-0.031326559,0.754810901,0.802859465,EC_11188057,2.12E-09,False,False,False
EMT-Serie2-3-C2,D24,2,-0.258859118,-0.108673057,0.834026678,0.53136269,EC_11188057,6.35E-10,False,False,False
EMT-Serie2-3-C3,D15,2,0.631294216,0.089736362,-0.022673937,-1.92263086,EC_11188057,3.23E-05,False,False,False
EMT-Serie2-3-C3,D16,2,0.749479817,0.345895012,0.050417686,-1.027061158,EC_11188057,9.68E-06,False,False,False
EMT-Serie2-3-C3,D17,2,0.754057428,0.949606267,0.444728285,-0.548027113,EC_11188057,2.90E-06,False,False,False
EMT-Serie2-3-C3,D18,2,0.443612151,0.772883539,0.510472644,-0.163062808,EC_11188057,8.71E-07,False,False,False
EMT-Serie2-3-C3,D19,2,0.262588431,0.41872101,0.704487542,0.400298961,EC_11188057,2.61E-07,False,False,False
EMT-Serie2-3-C3,D20,2,-0.12068248,-0.064691381,0.972306522,1.127728667,EC_11188057,7.84E-08,False,False,False
EMT-Serie2-3-C3,D21,2,0.037037037,-0.070829585,0.825301321,0.728563697,EC_11188057,2.35E-08,False,False,False
EMT-Serie2-3-C3,D22,2,-0.065334998,-0.024428678,1.003121849,0.54158398,EC_11188057,7.06E-09,False,False,False
EMT-Serie2-3-C3,D23,2,-0.124843945,-0.029300686,1.038728769,1.11432695,EC_11188057,2.12E-09,False,False,False
EMT-Serie2-3-C3,D24,2,-0.10528506,0.040433574,0.726012246,0.255611969,EC_11188057,6.35E-10,False,False,False
EMT-Serie2-3-C1,F15,2,0.248319328,0.49283016,0.445130035,-1.228644191,EC_11261582,3.23E-05,False,False,False
EMT-Serie2-3-C1,F16,2,0.527310924,0.908024357,1.028226038,0.090055785,EC_11261582,9.68E-06,False,False,False
EMT-Serie2-3-C1,F17,2,0.017226891,0.136609599,0.988264057,0.880184332,EC_11261582,2.90E-06,False,False,False
EMT-Serie2-3-C1,F18,2,-0.026890756,0.005881772,1.044201794,1.148726655,EC_11261582,8.71E-07,False,False,False
EMT-Serie2-3-C1,F19,2,-0.004201681,-0.046243147,1.03596891,0.896774194,EC_11261582,2.61E-07,False,False,False
EMT-Serie2-3-C1,F20,2,-0.029831933,-0.071512454,0.961226557,1.206766917,EC_11261582,7.84E-08,False,False,False
EMT-Serie2-3-C1,F21,2,-0.038235294,-0.070109239,1.039600554,1.056730536,EC_11261582,2.35E-08,False,False,False
EMT-Serie2-3-C1,F22,2,-0.055462185,-0.017858446,1.01811999,0.975454766,EC_11261582,7.06E-09,False,False,False
EMT-Serie2-3-C1,F23,2,0.015966387,-0.045592318,0.881723102,0.856803299,EC_11261582,2.12E-09,False,False,False
EMT-Serie2-3-C1,F24,2,0.01092437,0.125406768,0.692919338,-0.130220713,EC_11261582,6.35E-10,False,False,False
EMT-Serie2-3-C2,F15,2,0.725583405,0.897229134,0.68244138,-0.72271319,EC_11261582,3.23E-05,False,False,False
EMT-Serie2-3-C2,F16,2,0.505617978,0.827177579,0.868741792,0.072857941,EC_11261582,9.68E-06,False,False,False
EMT-Serie2-3-C2,F17,2,0.186689715,0.358948428,0.930149441,0.661536899,EC_11261582,2.90E-06,False,False,False
EMT-Serie2-3-C2,F18,2,-0.017286085,0.088408671,0.929946836,0.533470466,EC_11261582,8.71E-07,False,False,False
EMT-Serie2-3-C2,F19,2,-0.056179775,-0.010806391,1.101384462,1.085199858,EC_11261582,2.61E-07,False,False,False
EMT-Serie2-3-C2,F20,2,0.032411409,0.039827961,0.93126226,0.731068109,EC_11261582,7.84E-08,False,False,False
EMT-Serie2-3-C2,F21,2,-0.03673293,0.000341535,0.956140417,0.813804663,EC_11261582,2.35E-08,False,False,False
EMT-Serie2-3-C2,F22,2,-0.076490925,-0.021886306,1.00084671,0.976052618,EC_11261582,7.06E-09,False,False,False
EMT-Serie2-3-C2,F23,2,-0.076923077,-0.019124459,0.815650045,0.729493626,EC_11261582,2.12E-09,False,False,False
EMT-Serie2-3-C2,F24,2,-0.24286949,-0.095691785,0.858566151,0.831962009,EC_11261582,6.35E-10,False,False,False
EMT-Serie2-3-C3,F15,2,0.738243862,0.89892921,0.890696033,-0.368057524,EC_11261582,3.23E-05,False,False,False
EMT-Serie2-3-C3,F16,2,0.484394507,0.820863175,0.85665539,0.067627123,EC_11261582,9.68E-06,False,False,False
EMT-Serie2-3-C3,F17,2,0.180191427,0.394255821,0.854286352,0.41331409,EC_11261582,2.90E-06,False,False,False
EMT-Serie2-3-C3,F18,2,0.188098211,0.127098644,0.975974249,0.494136749,EC_11261582,8.71E-07,False,False,False
EMT-Serie2-3-C3,F19,2,0.059925094,0.018268568,0.869421077,0.628514729,EC_11261582,2.61E-07,False,False,False
EMT-Serie2-3-C3,F20,2,0.020807324,0.037312626,0.984290855,1.059122188,EC_11261582,7.84E-08,False,False,False
EMT-Serie2-3-C3,F21,2,0.104036621,0.044439544,0.845655777,0.675626917,EC_11261582,2.35E-08,False,False,False
EMT-Serie2-3-C3,F22,2,-0.054515189,-0.048999019,0.897913748,1.162805082,EC_11261582,7.06E-09,False,False,False
EMT-Serie2-3-C3,F23,2,-0.008739076,-0.024225678,0.644897685,0.558851576,EC_11261582,2.12E-09,False,False,False
EMT-Serie2-3-C3,F24,2,-0.173116937,-0.001973046,0.625845486,0.338625293,EC_11261582,6.35E-10,False,False,False
EMT-Serie2-4-C1,K05,2,0.088063439,0.79609464,0.146328413,-0.953511751,EC_11190511,3.23E-05,True,True,True
EMT-Serie2-4-C1,K06,2,0.342237062,0.484788285,0.615406538,-0.190816465,EC_11190511,9.68E-06,False,False,False
EMT-Serie2-4-C1,K07,2,0.152337229,0.210849023,0.727866558,0.056323869,EC_11190511,2.90E-06,False,False,False
EMT-Serie2-4-C1,K08,2,0.046744574,0.15544543,1.087080991,0.775927184,EC_11190511,8.71E-07,False,False,False
EMT-Serie2-4-C1,K09,2,0.046327212,0.040339032,0.971037127,0.652900421,EC_11190511,2.61E-07,False,False,False
EMT-Serie2-4-C1,K10,2,-0.018781302,-0.059816778,1.026169897,1.150061133,EC_11190511,7.84E-08,False,False,False
EMT-Serie2-4-C1,K11,2,0.111018364,0.033652168,0.893856237,0.649341122,EC_11190511,2.35E-08,False,False,False
EMT-Serie2-4-C1,K12,2,0.024624374,0.051814182,0.916709476,0.983969569,EC_11190511,7.06E-09,False,False,False
EMT-Serie2-4-C1,K13,2,0.007512521,0.030548943,1.074498351,1.199239234,EC_11190511,2.12E-09,False,False,False
EMT-Serie2-4-C1,K14,2,0.033806344,0.043248936,1.271460135,0.917212335,EC_11190511,6.35E-10,False,False,False
EMT-Serie2-4-C2,K05,2,-0.057977332,0.734275137,0.126143822,-1.347200998,EC_11190511,3.23E-05,True,True,True
EMT-Serie2-4-C2,K06,2,0.330427201,0.510851049,0.493650979,-0.476469671,EC_11190511,9.68E-06,False,False,False
EMT-Serie2-4-C2,K07,2,0.007846556,0.002568692,0.896198332,0.199844067,EC_11190511,2.90E-06,False,False,False
EMT-Serie2-4-C2,K08,2,0.066259808,0.078274375,0.920253417,0.436581943,EC_11190511,8.71E-07,False,False,False
EMT-Serie2-4-C2,K09,2,-0.003051439,0.070934617,0.887825586,0.936940589,EC_11190511,2.61E-07,False,False,False
EMT-Serie2-4-C2,K10,2,-0.095466434,-0.018177405,1.021116982,1.251364416,EC_11190511,7.84E-08,False,False,False
EMT-Serie2-4-C2,K11,2,-0.017000872,0.002184505,1.026500675,0.961515671,EC_11190511,2.35E-08,False,False,False
EMT-Serie2-4-C2,K12,2,-0.013949433,0.016688308,1.181370997,1.321815063,EC_11190511,7.06E-09,False,False,False
EMT-Serie2-4-C2,K13,2,-0.009154316,0.010602369,1.080908237,1.144612506,EC_11190511,2.12E-09,False,False,False
EMT-Serie2-4-C2,K14,2,-0.037925022,-0.014060052,1.099759653,1.166630282,EC_11190511,6.35E-10,False,False,False
EMT-Serie2-4-C3,K05,2,-0.1675,0.715591981,0.084175924,-1.314744826,EC_11190511,3.23E-05,True,True,True
EMT-Serie2-4-C3,K06,2,0.350833333,0.589397349,0.649299065,0.078256733,EC_11190511,9.68E-06,False,False,False
EMT-Serie2-4-C3,K07,2,0.12125,0.133704578,0.783392994,0.285699183,EC_11190511,2.90E-06,False,False,False
EMT-Serie2-4-C3,K08,2,0.007916667,0.01225368,0.834748037,0.497766736,EC_11190511,8.71E-07,False,False,False
EMT-Serie2-4-C3,K09,2,-0.0225,0.035363435,1.008436398,0.779660121,EC_11190511,2.61E-07,False,False,False
EMT-Serie2-4-C3,K10,2,0.039166667,0.027979622,0.991293371,0.851573856,EC_11190511,7.84E-08,False,False,False
EMT-Serie2-4-C3,K11,2,0.0825,0.000488581,0.805218795,0.928667706,EC_11190511,2.35E-08,False,False,False
EMT-Serie2-4-C3,K12,2,0.0575,0.000453786,1.025212946,0.947934561,EC_11190511,7.06E-09,False,False,False
EMT-Serie2-4-C3,K13,2,0.079583333,-0.014689338,0.915162194,1.051272564,EC_11190511,2.12E-09,False,False,False
EMT-Serie2-4-C3,K14,2,0.006666667,-0.038396409,1.051384658,1.455162936,EC_11190511,6.35E-10,False,False,False
EMT-Serie2-4-C1,B05,2,0.372287145,-0.015491596,0.195599496,-0.996956935,EC_11191242,3.23E-05,True,True,True
EMT-Serie2-4-C1,B06,2,0.521285476,0.586913367,0.854982576,-0.376959652,EC_11191242,9.68E-06,False,False,False
EMT-Serie2-4-C1,B07,2,0.204507513,0.206841232,0.963413444,0.190490422,EC_11191242,2.90E-06,False,False,False
EMT-Serie2-4-C1,B08,2,-0.075125209,-0.01134098,1.03037361,0.713734547,EC_11191242,8.71E-07,False,False,False
EMT-Serie2-4-C1,B09,2,0.025041736,0.009702085,0.945469288,0.510283929,EC_11191242,2.61E-07,False,False,False
EMT-Serie2-4-C1,B10,2,-0.093906511,-0.024983048,1.155320084,1.312077163,EC_11191242,7.84E-08,False,False,False
EMT-Serie2-4-C1,B11,2,0.012103506,0.006805165,0.959947161,0.865453063,EC_11191242,2.35E-08,False,False,False
EMT-Serie2-4-C1,B12,2,-0.034641068,0.07416288,1.099852443,0.896318435,EC_11191242,7.06E-09,False,False,False
EMT-Serie2-4-C1,B13,2,0.011686144,0.021585515,1.047074465,0.934546937,EC_11191242,2.12E-09,False,False,False
EMT-Serie2-4-C1,B14,2,-0.160267112,-0.013802207,0.980292422,0.963537563,EC_11191242,6.35E-10,False,False,False
EMT-Serie2-4-C2,B05,2,0.324324324,0.062787768,0.121825659,-1.484079214,EC_11191242,3.23E-05,True,True,True
EMT-Serie2-4-C2,B06,2,0.41673932,0.551670171,0.731419977,-0.547793544,EC_11191242,9.68E-06,False,False,False
EMT-Serie2-4-C2,B07,2,0.306015693,0.400846998,0.643443308,-0.046405738,EC_11191242,2.90E-06,False,False,False
EMT-Serie2-4-C2,B08,2,0.091543156,0.132449207,0.65710464,0.073257446,EC_11191242,8.71E-07,False,False,False
EMT-Serie2-4-C2,B09,2,0.075414124,0.108166505,0.810229084,0.529861219,EC_11191242,2.61E-07,False,False,False
EMT-Serie2-4-C2,B10,2,-0.040540541,-0.050182563,0.754235285,0.677311711,EC_11191242,7.84E-08,False,False,False
EMT-Serie2-4-C2,B11,2,-0.042720139,-0.055482259,1.033480793,1.024450335,EC_11191242,2.35E-08,False,False,False
EMT-Serie2-4-C2,B12,2,-0.017872711,0.005874487,0.904713737,0.648619991,EC_11191242,7.06E-09,False,False,False
EMT-Serie2-4-C2,B13,2,0.009154316,0.032912018,0.830184411,0.717168252,EC_11191242,2.12E-09,False,False,False
EMT-Serie2-4-C2,B14,2,-0.126852659,-0.046622133,1.119898399,1.18640262,EC_11191242,6.35E-10,False,False,False
EMT-Serie2-4-C3,B05,2,0.27,-0.081401721,0.100150663,-0.854163914,EC_11191242,3.23E-05,True,True,True
EMT-Serie2-4-C3,B06,2,0.4875,0.640586762,0.90088436,-0.469302535,EC_11191242,9.68E-06,False,False,False
EMT-Serie2-4-C3,B07,2,0.26125,0.274661038,0.693021,-0.029309935,EC_11191242,2.90E-06,False,False,False
EMT-Serie2-4-C3,B08,2,0.102916667,0.11232298,0.796123477,0.134788699,EC_11191242,8.71E-07,False,False,False
EMT-Serie2-4-C3,B09,2,0.06875,-0.062773287,0.845087159,0.600840447,EC_11191242,2.61E-07,False,False,False
EMT-Serie2-4-C3,B10,2,0.08,0.063543129,0.930321057,0.654174485,EC_11191242,7.84E-08,False,False,False
EMT-Serie2-4-C3,B11,2,0.065,-0.066687737,1.010176243,0.771572799,EC_11191242,2.35E-08,False,False,False
EMT-Serie2-4-C3,B12,2,-0.022083333,-0.052856679,1.14327809,0.861352644,EC_11191242,7.06E-09,False,False,False
EMT-Serie2-4-C3,B13,2,0.07,0.029725177,1.121467097,0.662684674,EC_11191242,2.12E-09,False,False,False
EMT-Serie2-4-C3,B14,2,-0.149583333,0.005990559,1.18359067,0.9786981,EC_11191242,6.35E-10,False,False,False
EMT-Serie2-4-C1,J05,2,-0.093071786,-0.205164827,-0.011963483,-2.409020514,EC_11191283,3.23E-05,True,True,True
EMT-Serie2-4-C1,J06,2,0.356844741,0.111612205,0.304794869,-1.232332564,EC_11191283,9.68E-06,True,True,True
EMT-Serie2-4-C1,J07,2,0.491235392,0.489225997,0.530979586,-0.283331069,EC_11191283,2.90E-06,False,False,False
EMT-Serie2-4-C1,J08,2,0.075542571,0.11490875,0.718711013,0.373454694,EC_11191283,8.71E-07,False,False,False
EMT-Serie2-4-C1,J09,2,0.156928214,0.228918704,0.808820103,0.397119957,EC_11191283,2.61E-07,False,False,False
EMT-Serie2-4-C1,J10,2,-0.043823038,0.001980812,0.970210635,0.689797582,EC_11191283,7.84E-08,False,False,False
EMT-Serie2-4-C1,J11,2,0.074707846,0.020885811,1.042186757,0.801874745,EC_11191283,2.35E-08,False,False,False
EMT-Serie2-4-C1,J12,2,0.042570952,0.144843108,1.062072459,0.938894172,EC_11191283,7.06E-09,False,False,False
EMT-Serie2-4-C1,J13,2,0.106427379,0.093555507,1.172943618,0.887325092,EC_11191283,2.12E-09,False,False,False
EMT-Serie2-4-C1,J14,2,-0.106010017,-0.075341557,1.080607985,1.381062356,EC_11191283,6.35E-10,False,False,False
EMT-Serie2-4-C2,J05,2,-0.098081953,-0.239215961,-0.046226524,-3.090285358,EC_11191283,3.23E-05,True,True,True
EMT-Serie2-4-C2,J06,2,0.419354839,-0.035641533,0.197845096,-1.545111492,EC_11191283,9.68E-06,True,True,True
EMT-Serie2-4-C2,J07,2,0.397122929,0.41779292,0.501731613,-0.710276002,EC_11191283,2.90E-06,False,False,False
EMT-Serie2-4-C2,J08,2,0.056669573,0.17725762,0.57821741,0.183533448,EC_11191283,8.71E-07,False,False,False
EMT-Serie2-4-C2,J09,2,0.091979076,0.119234962,0.711264247,0.212287541,EC_11191283,2.61E-07,False,False,False
EMT-Serie2-4-C2,J10,2,-0.026591107,0.07300595,0.865017072,0.963636364,EC_11191283,7.84E-08,False,False,False
EMT-Serie2-4-C2,J11,2,0.015693112,0.012858351,0.973692935,0.754467488,EC_11191283,2.35E-08,False,False,False
EMT-Serie2-4-C2,J12,2,-0.100697472,-0.011102706,1.001484337,1.23558397,EC_11191283,7.06E-09,False,False,False
EMT-Serie2-4-C2,J13,2,0.010462075,-0.036191009,1.202511756,1.122968969,EC_11191283,2.12E-09,False,False,False
EMT-Serie2-4-C2,J14,2,-0.007846556,0.143307701,1.002652785,0.923249649,EC_11191283,6.35E-10,False,False,False
EMT-Serie2-4-C3,J05,2,-0.21625,-0.213279556,-0.043448373,-1.736527737,EC_11191283,3.23E-05,True,True,True
EMT-Serie2-4-C3,J06,2,0.260833333,0.030834271,0.341031839,-1.283373418,EC_11191283,9.68E-06,True,True,True
EMT-Serie2-4-C3,J07,2,0.522916667,0.458773588,0.432577303,-0.590955943,EC_11191283,2.90E-06,False,False,False
EMT-Serie2-4-C3,J08,2,0.229166667,0.266917675,0.629453726,0.216666226,EC_11191283,8.71E-07,False,False,False
EMT-Serie2-4-C3,J09,2,0.21,0.258481309,0.807743421,0.319792795,EC_11191283,2.61E-07,False,False,False
EMT-Serie2-4-C3,J10,2,0.040416667,0.009651295,0.864654863,0.384887808,EC_11191283,7.84E-08,False,False,False
EMT-Serie2-4-C3,J11,2,0.038333333,0.086997935,0.97430582,0.604672675,EC_11191283,2.35E-08,False,False,False
EMT-Serie2-4-C3,J12,2,-0.021666667,0.066136814,0.996620258,0.87779158,EC_11191283,7.06E-09,False,False,False
EMT-Serie2-4-C3,J13,2,0.088333333,0.007675222,1.159284665,1.004915823,EC_11191283,2.12E-09,False,False,False
EMT-Serie2-4-C3,J14,2,-0.005,-0.064289774,0.963940786,0.933689246,EC_11191283,6.35E-10,False,False,False
EMT-Serie2-4-C1,C05,2,-0.668196995,0.13574551,0.068642008,-1.566471947,EC_11192049,3.23E-05,True,True,True
EMT-Serie2-4-C1,C06,2,0.411101836,0.788751353,0.571370859,-0.293003668,EC_11192049,9.68E-06,False,False,False
EMT-Serie2-4-C1,C07,2,0.308013356,0.498078338,0.630529219,-0.201983426,EC_11192049,2.90E-06,False,False,False
EMT-Serie2-4-C1,C08,2,0.053422371,0.112606218,1.071933373,0.583534846,EC_11192049,8.71E-07,False,False,False
EMT-Serie2-4-C1,C09,2,0.061352254,0.011599221,1.05796137,0.88588507,EC_11192049,2.61E-07,False,False,False
EMT-Serie2-4-C1,C10,2,0.138564274,0.225343721,0.842439123,0.730389893,EC_11192049,7.84E-08,False,False,False
EMT-Serie2-4-C1,C11,2,-0.102671119,-0.06316526,1.329941625,1.354897432,EC_11192049,2.35E-08,False,False,False
EMT-Serie2-4-C1,C12,2,0.024624374,-0.027373584,1.130924297,1.057573699,EC_11192049,7.06E-09,False,False,False
EMT-Serie2-4-C1,C13,2,-0.026711185,-0.031671355,1.081092481,1.088737943,EC_11192049,2.12E-09,False,False,False
EMT-Serie2-4-C1,C14,2,-0.017529215,0.008829258,1.197054408,1.158185029,EC_11192049,6.35E-10,False,False,False
EMT-Serie2-4-C2,C05,2,-0.848735833,-0.050691834,-0.050937544,-0.717667238,EC_11192049,3.23E-05,True,True,True
EMT-Serie2-4-C2,C06,2,0.363993025,0.782456355,0.744632951,-0.26530485,EC_11192049,9.68E-06,False,False,False
EMT-Serie2-4-C2,C07,2,0.273757629,0.500674561,0.724517981,-0.051364416,EC_11192049,2.90E-06,False,False,False
EMT-Serie2-4-C2,C08,2,0.072362685,0.161386826,0.799060894,0.505223764,EC_11192049,8.71E-07,False,False,False
EMT-Serie2-4-C2,C09,2,-0.058413252,0.020918832,1.130815237,0.90656479,EC_11192049,2.61E-07,False,False,False
EMT-Serie2-4-C2,C10,2,-0.064516129,-0.0314259,1.179095241,1.44378606,EC_11192049,7.84E-08,False,False,False
EMT-Serie2-4-C2,C11,2,-0.163469922,0.024775593,1.154995999,1.36366755,EC_11192049,2.35E-08,False,False,False
EMT-Serie2-4-C2,C12,2,-0.030950305,-0.048464146,1.060025624,1.446405738,EC_11192049,7.06E-09,False,False,False
EMT-Serie2-4-C2,C13,2,-0.091543156,-0.015699548,1.321832724,1.284016841,EC_11192049,2.12E-09,False,False,False
EMT-Serie2-4-C2,C14,2,-0.066259808,0.014523161,0.888148268,1.262310931,EC_11192049,6.35E-10,False,False,False
EMT-Serie2-4-C3,C05,2,-0.74,-0.1260714,-0.026938835,-0.962100589,EC_11192049,3.23E-05,True,True,True
EMT-Serie2-4-C3,C06,2,0.34875,0.783861446,0.603537438,-0.041097339,EC_11192049,9.68E-06,False,False,False
EMT-Serie2-4-C3,C07,2,0.221666667,0.472045025,0.857588131,0.156037741,EC_11192049,2.90E-06,False,False,False
EMT-Serie2-4-C3,C08,2,0.047083333,0.159538501,1.030469499,0.595924624,EC_11192049,8.71E-07,False,False,False
EMT-Serie2-4-C3,C09,2,0.0675,0.024307287,1.082583411,0.981446732,EC_11192049,2.61E-07,False,False,False
EMT-Serie2-4-C3,C10,2,-0.062083333,-0.023391016,1.10887358,1.191928536,EC_11192049,7.84E-08,False,False,False
EMT-Serie2-4-C3,C11,2,-0.0325,-0.02941927,1.269638964,1.415413484,EC_11192049,2.35E-08,False,False,False
EMT-Serie2-4-C3,C12,2,0.06875,0.137479848,1.000836606,0.940983693,EC_11192049,7.06E-09,False,False,False
EMT-Serie2-4-C3,C13,2,-0.099166667,0.005296106,1.133112953,1.200835161,EC_11192049,2.12E-09,False,False,False
EMT-Serie2-4-C3,C14,2,-0.000833333,0.054571788,1.144958706,1.110447446,EC_11192049,6.35E-10,False,False,False
EMT-Serie2-4-C1,D05,2,0.217445743,-0.135621438,0.040375598,-2.159271838,EC_11257142,3.23E-05,True,True,True
EMT-Serie2-4-C1,D06,2,0.254173623,0.635983553,0.556073618,-0.425268306,EC_11257142,9.68E-06,False,False,False
EMT-Serie2-4-C1,D07,2,0.164440735,0.131006276,0.99421455,0.622225241,EC_11257142,2.90E-06,False,False,False
EMT-Serie2-4-C1,D08,2,0.061352254,0.04070836,0.876467826,0.927319658,EC_11257142,8.71E-07,False,False,False
EMT-Serie2-4-C1,D09,2,0.043823038,0.035770035,1.393734757,1.064067382,EC_11257142,2.61E-07,False,False,False
EMT-Serie2-4-C1,D10,2,0.042153589,0.049621294,1.161223095,1.033881266,EC_11257142,7.84E-08,False,False,False
EMT-Serie2-4-C1,D11,2,0.040066778,0.026479117,1.223527115,0.980817824,EC_11257142,2.35E-08,False,False,False
EMT-Serie2-4-C1,D12,2,0.024624374,0.019564308,1.152609045,0.940578726,EC_11257142,7.06E-09,False,False,False
EMT-Serie2-4-C1,D13,2,0.04048414,0.037530116,1.025738838,0.954707241,EC_11257142,2.12E-09,False,False,False
EMT-Serie2-4-C1,D14,2,0.08639399,0.164392989,0.95548695,0.594348594,EC_11257142,6.35E-10,False,False,False
EMT-Serie2-4-C2,D05,2,-0.047951177,-0.323080405,0.073776288,-1.729331046,EC_11257142,3.23E-05,True,True,True
EMT-Serie2-4-C2,D06,2,0.309938971,0.639602828,0.496898178,-0.532605645,EC_11257142,9.68E-06,False,False,False
EMT-Serie2-4-C2,D07,2,0.122057541,0.286803028,0.771629537,0.296740995,EC_11257142,2.90E-06,False,False,False
EMT-Serie2-4-C2,D08,2,-0.028770706,0.01121141,1.049278619,1.009511929,EC_11257142,8.71E-07,False,False,False
EMT-Serie2-4-C2,D09,2,-0.096774194,-0.007033004,1.330528152,1.245501325,EC_11257142,2.61E-07,False,False,False
EMT-Serie2-4-C2,D10,2,-0.069747167,-0.02585221,1.179377163,1.294682676,EC_11257142,7.84E-08,False,False,False
EMT-Serie2-4-C2,D11,2,-0.08238884,-0.002172592,1.226159243,1.312958054,EC_11257142,2.35E-08,False,False,False
EMT-Serie2-4-C2,D12,2,-0.136442895,-0.026833525,1.171568261,1.225635428,EC_11257142,7.06E-09,False,False,False
EMT-Serie2-4-C2,D13,2,-0.016129032,0.07439081,1.172020016,0.990924684,EC_11257142,2.12E-09,False,False,False
EMT-Serie2-4-C2,D14,2,-0.177855275,0.018111885,1.125411165,1.383970061,EC_11257142,6.35E-10,False,False,False
EMT-Serie2-4-C3,D05,2,-0.015833333,-0.210859845,0.119283406,-1.203927373,EC_11257142,3.23E-05,True,True,True
EMT-Serie2-4-C3,D06,2,0.42125,0.641355154,0.489333269,-0.522768718,EC_11257142,9.68E-06,False,False,False
EMT-Serie2-4-C3,D07,2,0.182083333,0.292329707,0.925490211,0.592356688,EC_11257142,2.90E-06,False,False,False
EMT-Serie2-4-C3,D08,2,0.086666667,0.038979227,1.14687994,0.909004414,EC_11257142,8.71E-07,False,False,False
EMT-Serie2-4-C3,D09,2,0.1525,0.063421346,1.02748585,0.886460343,EC_11257142,2.61E-07,False,False,False
EMT-Serie2-4-C3,D10,2,0.0375,0.017868741,1.024265286,1.075719534,EC_11257142,7.84E-08,False,False,False
EMT-Serie2-4-C3,D11,2,0.114166667,0.078231016,1.061616427,0.87121072,EC_11257142,2.35E-08,False,False,False
EMT-Serie2-4-C3,D12,2,0.001666667,0.103595205,1.361695275,0.941353701,EC_11257142,7.06E-09,False,False,False
EMT-Serie2-4-C3,D13,2,0.070833333,0.01816015,0.979203299,0.891138304,EC_11257142,2.12E-09,False,False,False
EMT-Serie2-4-C3,D14,2,-0.010833333,-0.017580232,1.145580609,1.142136004,EC_11257142,6.35E-10,False,False,False
EMT-Serie2-4-C1,E05,2,-0.089732888,-0.145298997,0.062023297,-1.644939546,EC_11261479,3.23E-05,True,True,Not Fitted
EMT-Serie2-4-C1,E06,2,0.379799666,0.707975186,1.009864477,-0.133759,EC_11261479,9.68E-06,False,False,Not Fitted
EMT-Serie2-4-C1,E07,2,0.141068447,0.380467431,1.042389818,0.415813069,EC_11261479,2.90E-06,False,False,Not Fitted
EMT-Serie2-4-C1,E08,2,0.121035058,0.089005266,0.958393925,0.668115745,EC_11261479,8.71E-07,False,False,Not Fitted
EMT-Serie2-4-C1,E09,2,0.068864775,0.128322874,0.875459648,0.8614047,EC_11261479,2.61E-07,False,False,Not Fitted
EMT-Serie2-4-C1,E10,2,0.06427379,-0.047027339,0.937165172,0.918217633,EC_11261479,7.84E-08,False,False,Not Fitted
EMT-Serie2-4-C1,E11,2,0.030050083,-0.06604054,1.143478437,0.983725037,EC_11261479,2.35E-08,False,False,Not Fitted
EMT-Serie2-4-C1,E12,2,-0.019616027,0.031874775,1.218707095,1.428800435,EC_11261479,7.06E-09,False,False,Not Fitted
EMT-Serie2-4-C1,E13,2,0.020033389,0.039907668,1.03246478,0.883928814,EC_11261479,2.12E-09,False,False,Not Fitted
EMT-Serie2-4-C1,E14,2,0.089732888,0.189097598,1.012593328,0.789838337,EC_11261479,6.35E-10,False,False,Not Fitted
EMT-Serie2-4-C2,E05,2,-0.183522232,-0.194312246,0.024432454,-2.453734602,EC_11261479,3.23E-05,True,True,Not Fitted
EMT-Serie2-4-C2,E06,2,0.278552746,0.612394051,0.884310052,0.029752066,EC_11261479,9.68E-06,False,False,Not Fitted
EMT-Serie2-4-C2,E07,2,0.056669573,0.348307195,0.880088014,0.758833619,EC_11261479,2.90E-06,False,False,Not Fitted
EMT-Serie2-4-C2,E08,2,0.159982563,0.20043839,0.978489006,0.570902854,EC_11261479,8.71E-07,False,False,Not Fitted
EMT-Serie2-4-C2,E09,2,-0.031386225,0.128383973,1.072600028,0.934383284,EC_11261479,2.61E-07,False,False,Not Fitted
EMT-Serie2-4-C2,E10,2,-0.019616391,0.04852222,1.09663813,1.063277717,EC_11261479,7.84E-08,False,False,Not Fitted
EMT-Serie2-4-C2,E11,2,-0.070183086,-0.060507961,1.167774201,1.279931389,EC_11261479,2.35E-08,False,False,Not Fitted
EMT-Serie2-4-C2,E12,2,-0.085876199,-0.050915199,1.188137127,1.453266802,EC_11261479,7.06E-09,False,False,Not Fitted
EMT-Serie2-4-C2,E13,2,-0.047079337,-0.011285865,1.068147018,1.031280212,EC_11261479,2.12E-09,False,False,Not Fitted
EMT-Serie2-4-C2,E14,2,-0.012641674,0.003843359,1.174204063,1.207048183,EC_11261479,6.35E-10,False,False,Not Fitted
EMT-Serie2-4-C3,E05,2,-0.156666667,-0.204016806,0.023504196,-2.018315406,EC_11261479,3.23E-05,True,True,Not Fitted
EMT-Serie2-4-C3,E06,2,0.399583333,0.714891729,0.900651146,0.015117478,EC_11261479,9.68E-06,False,False,Not Fitted
EMT-Serie2-4-C3,E07,2,0.21625,0.398794059,0.999267044,0.560800275,EC_11261479,2.90E-06,False,False,Not Fitted
EMT-Serie2-4-C3,E08,2,0.0875,0.10854916,1.208637035,0.849221661,EC_11261479,8.71E-07,False,False,Not Fitted
EMT-Serie2-4-C3,E09,2,0.099166667,0.165085422,1.079092615,0.770357058,EC_11261479,2.61E-07,False,False,Not Fitted
EMT-Serie2-4-C3,E10,2,-0.007916667,0.101269732,1.150655774,1.041758068,EC_11261479,7.84E-08,False,False,Not Fitted
EMT-Serie2-4-C3,E11,2,0.0325,0.059783806,1.072747734,0.855617517,EC_11261479,2.35E-08,False,False,Not Fitted
EMT-Serie2-4-C3,E12,2,0.04625,0.065745369,1.03008081,1.168988028,EC_11261479,7.06E-09,False,False,Not Fitted
EMT-Serie2-4-C3,E13,2,-0.02,-0.019312738,1.296099415,1.350529905,EC_11261479,2.12E-09,False,False,Not Fitted
EMT-Serie2-4-C3,E14,2,-0.019583333,-0.045630893,1.058033087,0.943970188,EC_11261479,6.35E-10,False,False,Not Fitted
EMT-Serie2-4-C1,M15,2,0.678631052,0.849315444,0.373899642,-1.174459992,EC_27082048,3.23E-05,False,False,False
EMT-Serie2-4-C1,M16,2,0.40066778,0.517511361,0.506248927,-0.139057193,EC_27082048,9.68E-06,False,False,False
EMT-Serie2-4-C1,M17,2,0.175292154,0.136334127,0.759690094,0.201738894,EC_27082048,2.90E-06,False,False,False
EMT-Serie2-4-C1,M18,2,0.176961603,0.196166775,0.849749309,0.446080696,EC_27082048,8.71E-07,False,False,False
EMT-Serie2-4-C1,M19,2,-0.008764608,-0.028555147,0.7274355,0.55951637,EC_27082048,2.61E-07,False,False,False
EMT-Serie2-4-C1,M20,2,-0.007095159,-0.000906009,0.758678353,0.529764978,EC_27082048,7.84E-08,False,False,False
EMT-Serie2-4-C1,M21,2,-0.085141903,-0.018369761,0.938625785,0.972177693,EC_27082048,2.35E-08,False,False,False
EMT-Serie2-4-C1,M22,2,0.001252087,0.067100916,0.791780814,0.442439886,EC_27082048,7.06E-09,False,False,False
EMT-Serie2-4-C1,M23,2,-0.002504174,-0.034725528,0.697713821,-0.011520174,EC_27082048,2.12E-09,False,False,False
EMT-Serie2-4-C1,M24,2,-0.147746244,0.073685349,0.755493505,-0.136367341,EC_27082048,6.35E-10,False,False,False
EMT-Serie2-4-C2,M15,2,0.463818657,0.862453615,0.245958664,-1.527023234,EC_27082048,3.23E-05,False,False,False
EMT-Serie2-4-C2,M16,2,0.385353095,0.447361916,0.554620873,-0.208326836,EC_27082048,9.68E-06,False,False,False
EMT-Serie2-4-C2,M17,2,-0.049694856,-0.039478935,0.973781247,0.91523468,EC_27082048,2.90E-06,False,False,False
EMT-Serie2-4-C2,M18,2,0.165213601,0.140265476,0.820361295,0.289225012,EC_27082048,8.71E-07,False,False,False
EMT-Serie2-4-C2,M19,2,0.003051439,0.053169692,1.078581531,0.768251988,EC_27082048,2.61E-07,False,False,False
EMT-Serie2-4-C2,M20,2,-0.031386225,-0.032987962,1.048042238,0.831748012,EC_27082048,7.84E-08,False,False,False
EMT-Serie2-4-C2,M21,2,-0.159982563,-0.114131827,0.954393161,1.187930766,EC_27082048,2.35E-08,False,False,False
EMT-Serie2-4-C2,M22,2,0.035309503,2.98E-06,0.768769556,0.214876033,EC_27082048,7.06E-09,False,False,False
EMT-Serie2-4-C2,M23,2,-0.260244115,0.052983554,0.895070644,0.717729612,EC_27082048,2.12E-09,False,False,False
EMT-Serie2-4-C2,M24,2,-0.329991282,0.065030348,0.625114977,-0.180414782,EC_27082048,6.35E-10,False,False,False
EMT-Serie2-4-C3,M15,2,0.578333333,0.872551294,0.268781257,-1.362845892,EC_27082048,3.23E-05,False,False,False
EMT-Serie2-4-C3,M16,2,0.305,0.308236874,0.787616745,0.092951344,EC_27082048,9.68E-06,False,False,False
EMT-Serie2-4-C3,M17,2,0.056666667,0.176108224,1.008003287,0.320770674,EC_27082048,2.90E-06,False,False,False
EMT-Serie2-4-C3,M18,2,0.054583333,0.037172781,0.942814625,0.756798901,EC_27082048,8.71E-07,False,False,False
EMT-Serie2-4-C3,M19,2,-0.026666667,-0.095556084,0.937506247,1.05388905,EC_27082048,2.61E-07,False,False,False
EMT-Serie2-4-C3,M20,2,0.000416667,0.083251661,0.92820733,0.864286281,EC_27082048,7.84E-08,False,False,False
EMT-Serie2-4-C3,M21,2,0.055833333,0.046889317,0.93557761,0.773475698,EC_27082048,2.35E-08,False,False,False
EMT-Serie2-4-C3,M22,2,0.135833333,0.141761097,0.753045654,0.408938341,EC_27082048,7.06E-09,False,False,False
EMT-Serie2-4-C3,M23,2,-0.177916667,-0.035530162,0.907151503,0.51238206,EC_27082048,2.12E-09,False,False,False
EMT-Serie2-4-C3,M24,2,-0.139166667,0.019272144,0.729831679,-0.113539657,EC_27082048,6.35E-10,False,False,False
EMT-Serie2-4-C1,N15,2,-0.114774624,0.10621799,-0.020492497,-3.828854775,EC_27084143,3.23E-05,True,True,Not Fitted
EMT-Serie2-4-C1,N16,2,0.644407346,0.836104739,0.467581889,-0.812742834,EC_27084143,9.68E-06,False,False,Not Fitted
EMT-Serie2-4-C1,N17,2,0.522537563,0.700253913,0.592891734,-0.291482136,EC_27084143,2.90E-06,False,False,Not Fitted
EMT-Serie2-4-C1,N18,2,0.410267112,0.619834091,0.425213445,-0.374568673,EC_27084143,8.71E-07,False,False,Not Fitted
EMT-Serie2-4-C1,N19,2,0.368530885,0.461275337,0.585805984,0.413829643,EC_27084143,2.61E-07,False,False,Not Fitted
EMT-Serie2-4-C1,N20,2,0.21327212,0.292190724,0.529515412,0.360874881,EC_27084143,7.84E-08,False,False,Not Fitted
EMT-Serie2-4-C1,N21,2,0.111435726,0.132008945,0.790487638,0.413286238,EC_27084143,2.35E-08,False,False,Not Fitted
EMT-Serie2-4-C1,N22,2,0.24624374,0.426730145,0.532885507,0.013802472,EC_27084143,7.06E-09,False,False,Not Fitted
EMT-Serie2-4-C1,N23,2,-0.098080134,0.04959244,0.811189145,-0.039070778,EC_27084143,2.12E-09,False,False,Not Fitted
EMT-Serie2-4-C1,N24,2,-0.110601002,0.080258241,0.655224254,-0.122592039,EC_27084143,6.35E-10,False,False,Not Fitted
EMT-Serie2-4-C2,N15,2,-0.341761116,0.274760702,-0.033125164,-4.361110245,EC_27084143,3.23E-05,True,True,Not Fitted
EMT-Serie2-4-C2,N16,2,0.571926765,0.841344178,0.412494786,-0.990675191,EC_27084143,9.68E-06,False,False,Not Fitted
EMT-Serie2-4-C2,N17,2,0.404533566,0.621994258,0.507081339,-0.418493685,EC_27084143,2.90E-06,False,False,Not Fitted
EMT-Serie2-4-C2,N18,2,0.393635571,0.695621162,0.433822361,-0.445626072,EC_27084143,8.71E-07,False,False,Not Fitted
EMT-Serie2-4-C2,N19,2,0.148648649,0.312445276,0.530895262,-0.023296429,EC_27084143,2.61E-07,False,False,Not Fitted
EMT-Serie2-4-C2,N20,2,0.100697472,0.251909022,0.626378531,-0.022641509,EC_27084143,7.84E-08,False,False,Not Fitted
EMT-Serie2-4-C2,N21,2,0.12423714,0.28769053,0.699946605,0.417495712,EC_27084143,2.35E-08,False,False,Not Fitted
EMT-Serie2-4-C2,N22,2,0.190496949,0.274790484,0.452490357,-0.24908779,EC_27084143,7.06E-09,False,False,Not Fitted
EMT-Serie2-4-C2,N23,2,-0.04141238,0.071157981,0.597425474,-0.246343365,EC_27084143,2.12E-09,False,False,Not Fitted
EMT-Serie2-4-C2,N24,2,-0.244115083,0.070864629,0.608318535,-0.291127397,EC_27084143,6.35E-10,False,False,Not Fitted
EMT-Serie2-4-C3,N15,2,-0.34875,0.19828721,-0.050608316,-3.317810609,EC_27084143,3.23E-05,True,True,Not Fitted
EMT-Serie2-4-C3,N16,2,0.575416667,0.818456489,0.458645364,-0.784020932,EC_27084143,9.68E-06,False,False,Not Fitted
EMT-Serie2-4-C3,N17,2,0.457916667,0.564141894,0.528168832,-0.22092132,EC_27084143,2.90E-06,False,False,Not Fitted
EMT-Serie2-4-C3,N18,2,0.414583333,0.560453612,0.539655511,-0.178581811,EC_27084143,8.71E-07,False,False,Not Fitted
EMT-Serie2-4-C3,N19,2,0.26875,0.425200652,0.555502908,0.18302191,EC_27084143,2.61E-07,False,False,Not Fitted
EMT-Serie2-4-C3,N20,2,0.282916667,0.286153574,0.594941863,0.171551656,EC_27084143,7.84E-08,False,False,Not Fitted
EMT-Serie2-4-C3,N21,2,0.044583333,0.142423654,0.691621721,0.390728652,EC_27084143,2.35E-08,False,False,Not Fitted
EMT-Serie2-4-C3,N22,2,0.251666667,0.469451339,0.660056489,0.129476438,EC_27084143,7.06E-09,False,False,Not Fitted
EMT-Serie2-4-C3,N23,2,-0.0125,0.068752247,0.722768649,0.256891403,EC_27084143,2.12E-09,False,False,Not Fitted
EMT-Serie2-4-C3,N24,2,-0.0775,0.134575906,0.609149364,-0.243888258,EC_27084143,6.35E-10,False,False,Not Fitted
EMT-Serie2-4-C1,O15,2,0.343071786,0.44283777,0.631918582,0.057437848,EC_6772302,3.23E-05,Not Fitted,Not Fitted,Not Fitted
EMT-Serie2-4-C1,O16,2,0.182804674,0.201490298,0.72419009,0.527754381,EC_6772302,9.68E-06,Not Fitted,Not Fitted,Not Fitted
EMT-Serie2-4-C1,O17,2,0.037145242,0.065668326,0.877761003,1.045564461,EC_6772302,2.90E-06,Not Fitted,Not Fitted,Not Fitted
EMT-Serie2-4-C1,O18,2,0.087646077,0.095686359,0.949320317,0.696562967,EC_6772302,8.71E-07,Not Fitted,Not Fitted,Not Fitted
EMT-Serie2-4-C1,O19,2,-0.029215359,0.089048546,0.852239475,0.720527102,EC_6772302,2.61E-07,Not Fitted,Not Fitted,Not Fitted
EMT-Serie2-4-C1,O20,2,-0.072203673,0.038293299,1.039953089,0.858280125,EC_6772302,7.84E-08,Not Fitted,Not Fitted,Not Fitted
EMT-Serie2-4-C1,O21,2,-0.079716194,0.087201904,0.853219154,0.801141149,EC_6772302,2.35E-08,Not Fitted,Not Fitted,Not Fitted
EMT-Serie2-4-C1,O22,2,-0.063439065,0.022435259,0.654575885,0.225186795,EC_6772302,7.06E-09,Not Fitted,Not Fitted,Not Fitted
EMT-Serie2-4-C1,O23,2,-0.10475793,0.102204429,0.806408312,0.334139383,EC_6772302,2.12E-09,Not Fitted,Not Fitted,Not Fitted
EMT-Serie2-4-C1,O24,2,-0.313439065,0.09948496,0.906242942,0.1803831,EC_6772302,6.35E-10,Not Fitted,Not Fitted,Not Fitted
EMT-Serie2-4-C2,O15,2,0.1255449,0.207349289,0.663031797,-0.212537034,EC_6772302,3.23E-05,Not Fitted,Not Fitted,Not Fitted
EMT-Serie2-4-C2,O16,2,-0.034001744,-0.047677902,0.741341596,0.765788243,EC_6772302,9.68E-06,Not Fitted,Not Fitted,Not Fitted
EMT-Serie2-4-C2,O17,2,-0.017436792,0.091351623,1.050881839,0.920692344,EC_6772302,2.90E-06,Not Fitted,Not Fitted,Not Fitted
EMT-Serie2-4-C2,O18,2,-0.060156931,-0.019115536,0.97110129,1.216217059,EC_6772302,8.71E-07,Not Fitted,Not Fitted,Not Fitted
EMT-Serie2-4-C2,O19,2,-0.033129904,0.110718817,0.890108136,1.458786839,EC_6772302,2.61E-07,Not Fitted,Not Fitted,Not Fitted
EMT-Serie2-4-C2,O20,2,0.014385353,0.100597426,0.789006806,0.762794324,EC_6772302,7.84E-08,Not Fitted,Not Fitted,Not Fitted
EMT-Serie2-4-C2,O21,2,-0.108979948,0.014037716,0.794842253,0.691002651,EC_6772302,2.35E-08,Not Fitted,Not Fitted,Not Fitted
EMT-Serie2-4-C2,O22,2,-0.089363557,0.097765163,0.82525587,0.733073445,EC_6772302,7.06E-09,Not Fitted,Not Fitted,Not Fitted
EMT-Serie2-4-C2,O23,2,-0.129468178,0.0940454,0.665640425,-0.112365508,EC_6772302,2.12E-09,Not Fitted,Not Fitted,Not Fitted
EMT-Serie2-4-C2,O24,2,-0.24934612,0.083341772,0.605638577,-0.125806955,EC_6772302,6.35E-10,Not Fitted,Not Fitted,Not Fitted
EMT-Serie2-4-C3,O15,2,0.247916667,0.319055255,0.663521372,0.198879404,EC_6772302,3.23E-05,Not Fitted,Not Fitted,Not Fitted
EMT-Serie2-4-C3,O16,2,0.038333333,0.015143124,0.820288814,0.911964479,EC_6772302,9.68E-06,Not Fitted,Not Fitted,Not Fitted
EMT-Serie2-4-C3,O17,2,-0.08,-0.05042682,1.083434824,0.928086265,EC_6772302,2.90E-06,Not Fitted,Not Fitted,Not Fitted
EMT-Serie2-4-C3,O18,2,-0.010833333,-0.049388766,0.975434869,0.817215953,EC_6772302,8.71E-07,Not Fitted,Not Fitted,Not Fitted
EMT-Serie2-4-C3,O19,2,0.162916667,0.195315128,0.62691059,0.478050585,EC_6772302,2.61E-07,Not Fitted,Not Fitted,Not Fitted
EMT-Serie2-4-C3,O20,2,0.01625,0.076317285,0.858417333,0.500251077,EC_6772302,7.84E-08,Not Fitted,Not Fitted,Not Fitted
EMT-Serie2-4-C3,O21,2,-0.0625,0.057161125,1.002413572,0.766339826,EC_6772302,2.35E-08,Not Fitted,Not Fitted,Not Fitted
EMT-Serie2-4-C3,O22,2,0.004583333,0.056049131,0.674597152,0.194016439,EC_6772302,7.06E-09,Not Fitted,Not Fitted,Not Fitted
EMT-Serie2-4-C3,O23,2,-0.139583333,-0.022856041,0.727477336,0.064777863,EC_6772302,2.12E-09,Not Fitted,Not Fitted,Not Fitted
EMT-Serie2-4-C3,O24,2,-0.297916667,0.099193623,0.627380719,0.077199567,EC_6772302,6.35E-10,Not Fitted,Not Fitted,Not Fitted
EMT-Serie2-4-C1,E15,2,-0.787562604,0.339707134,-0.053290261,-2.13867681,X-WE52880180,3.23E-05,Not Fitted,Not Fitted,Not Fitted
EMT-Serie2-4-C1,L15,2,-0.809265442,0.274426892,-0.053290261,-3.540796087,X-WE52880180,3.23E-05,Not Fitted,Not Fitted,Not Fitted
EMT-Serie2-4-C1,E16,2,-0.815108514,0.435286734,-0.053290261,-1.985599783,X-WE52880180,9.68E-06,Not Fitted,Not Fitted,Not Fitted
EMT-Serie2-4-C1,L16,2,-0.796744574,0.45944745,-0.053290261,-1.35587556,X-WE52880180,9.68E-06,Not Fitted,Not Fitted,Not Fitted
EMT-Serie2-4-C1,E17,2,-0.803422371,0.386065065,-0.053290261,-1.684798261,X-WE52880180,2.90E-06,Not Fitted,Not Fitted,Not Fitted
EMT-Serie2-4-C1,L17,2,-0.789232053,0.56403953,0.099880586,-1.16812933,X-WE52880180,2.90E-06,Not Fitted,Not Fitted,Not Fitted
EMT-Serie2-4-C1,E18,2,-0.830550918,0.402957513,0.017079545,-2.083358239,X-WE52880180,8.71E-07,Not Fitted,Not Fitted,Not Fitted
EMT-Serie2-4-C1,L18,2,-0.777128548,0.455790233,-0.053290261,-0.920445592,X-WE52880180,8.71E-07,Not Fitted,Not Fitted,Not Fitted
EMT-Serie2-4-C1,E19,2,-0.800083472,0.449054317,0.070062721,-0.450726803,X-WE52880180,2.61E-07,Not Fitted,Not Fitted,Not Fitted
EMT-Serie2-4-C1,L19,2,-0.773789649,0.486288682,0.093762046,0.039940226,X-WE52880180,2.61E-07,Not Fitted,Not Fitted,Not Fitted
EMT-Serie2-4-C1,E20,2,-0.354340568,-0.284,0.105092122,-0.547806005,X-WE52880180,7.84E-08,Not Fitted,Not Fitted,Not Fitted
EMT-Serie2-4-C1,L20,2,-0.70409015,0.343435043,0.003794742,-0.499769053,X-WE52880180,7.84E-08,Not Fitted,Not Fitted,Not Fitted
EMT-Serie2-4-C1,E21,2,-0.164858097,-0.29741196,0.098556773,-0.284363538,X-WE52880180,2.35E-08,Not Fitted,Not Fitted,Not Fitted
EMT-Serie2-4-C1,L21,2,-0.696994992,0.007203347,-0.000118986,-0.281782367,X-WE52880180,2.35E-08,Not Fitted,Not Fitted,Not Fitted
EMT-Serie2-4-C1,E22,2,-0.101001669,-0.296141528,0.575802571,0.277761174,X-WE52880180,7.06E-09,Not Fitted,Not Fitted,Not Fitted
EMT-Serie2-4-C1,L22,2,-0.770450751,0.405039313,0.013756474,0.042032333,X-WE52880180,7.06E-09,Not Fitted,Not Fitted,Not Fitted
EMT-Serie2-4-C1,E23,2,-0.19115192,-0.190478251,0.656207495,-0.051650591,X-WE52880180,2.12E-09,Not Fitted,Not Fitted,Not Fitted
EMT-Serie2-4-C1,L23,2,-0.429465776,-0.23725312,0.030607665,-0.52517321,X-WE52880180,2.12E-09,Not Fitted,Not Fitted,Not Fitted
EMT-Serie2-4-C1,E24,2,-0.18196995,-0.029590998,0.76270038,-0.190680614,X-WE52880180,6.35E-10,Not Fitted,Not Fitted,Not Fitted
EMT-Serie2-4-C1,L24,2,-0.637312187,-0.018286085,0.09142756,0.04290178,X-WE52880180,6.35E-10,Not Fitted,Not Fitted,Not Fitted
EMT-Serie2-4-C2,E15,2,-0.883609416,-0.049819224,-0.050937544,-3.489131452,X-WE52880180,3.23E-05,Not Fitted,Not Fitted,Not Fitted
EMT-Serie2-4-C2,L15,2,-0.921098518,0.094524889,-0.050937544,-3.488258225,X-WE52880180,3.23E-05,Not Fitted,Not Fitted,Not Fitted
EMT-Serie2-4-C2,E16,2,-0.901482127,0.18146134,-0.050937544,-3.295587089,X-WE52880180,9.68E-06,Not Fitted,Not Fitted,Not Fitted
EMT-Serie2-4-C2,L16,2,-0.884917175,0.371553485,-0.050937544,-3.128021207,X-WE52880180,9.68E-06,Not Fitted,Not Fitted,Not Fitted
EMT-Serie2-4-C2,E17,2,-0.89537925,0.244896865,-0.050937544,-3.140495868,X-WE52880180,2.90E-06,Not Fitted,Not Fitted,Not Fitted
EMT-Serie2-4-C2,L17,2,-0.866608544,0.557988409,0.179119697,-1.314642133,X-WE52880180,2.90E-06,Not Fitted,Not Fitted,Not Fitted
EMT-Serie2-4-C2,E18,2,-0.911944202,0.148625266,-0.030351798,-2.818368938,X-WE52880180,8.71E-07,Not Fitted,Not Fitted,Not Fitted
EMT-Serie2-4-C2,L18,2,-0.87489102,0.271505536,-0.050937544,-2.682707001,X-WE52880180,8.71E-07,Not Fitted,Not Fitted,Not Fitted
EMT-Serie2-4-C2,E19,2,-0.851351351,0.390896853,0.065761889,-1.844472166,X-WE52880180,2.61E-07,Not Fitted,Not Fitted,Not Fitted
EMT-Serie2-4-C2,L19,2,-0.888404534,0.424861663,0.087743319,-0.032184625,X-WE52880180,2.61E-07,Not Fitted,Not Fitted,Not Fitted
EMT-Serie2-4-C2,E20,2,-0.456843941,-0.263908164,0.115224267,-1.153220022,X-WE52880180,7.84E-08,Not Fitted,Not Fitted,Not Fitted
EMT-Serie2-4-C2,L20,2,-0.844376635,0.390112099,0.082222742,-0.516856385,X-WE52880180,7.84E-08,Not Fitted,Not Fitted,Not Fitted
EMT-Serie2-4-C2,E21,2,-0.163905841,-0.364539393,0.123080043,-0.692624357,X-WE52880180,2.35E-08,Not Fitted,Not Fitted,Not Fitted
EMT-Serie2-4-C2,L21,2,-0.845248474,0.187094593,0.081434379,-0.957087167,X-WE52880180,2.35E-08,Not Fitted,Not Fitted,Not Fitted
EMT-Serie2-4-C2,E22,2,-0.075850044,-0.337369778,0.345227501,-0.138375175,X-WE52880180,7.06E-09,Not Fitted,Not Fitted,Not Fitted
EMT-Serie2-4-C2,L22,2,-0.89625109,0.453261718,0.091801978,-0.51373772,X-WE52880180,7.06E-09,Not Fitted,Not Fitted,Not Fitted
EMT-Serie2-4-C2,E23,2,-0.248910201,-0.229373031,0.669981346,-0.255917667,X-WE52880180,2.12E-09,Not Fitted,Not Fitted,Not Fitted
EMT-Serie2-4-C2,L23,2,-0.741935484,-0.168010328,0.004172107,-0.220302511,X-WE52880180,2.12E-09,Not Fitted,Not Fitted,Not Fitted
EMT-Serie2-4-C2,E24,2,-0.251961639,-0.086546308,0.739959159,-0.258350226,X-WE52880180,6.35E-10,Not Fitted,Not Fitted,Not Fitted
EMT-Serie2-4-C2,L24,2,-0.818657367,-0.019873486,0.079604603,-0.439762981,X-WE52880180,6.35E-10,Not Fitted,Not Fitted,Not Fitted
EMT-Serie2-4-C3,E15,2,-0.7775,0.05177948,-0.053217048,-3.323995031,X-WE52880180,3.23E-05,Not Fitted,Not Fitted,Not Fitted
EMT-Serie2-4-C3,L15,2,-0.775,-0.032500087,-0.053217048,-4.000607871,X-WE52880180,3.23E-05,Not Fitted,Not Fitted,Not Fitted
EMT-Serie2-4-C3,E16,2,-0.796666667,0.126433849,-0.053217048,-3.233977324,X-WE52880180,9.68E-06,Not Fitted,Not Fitted,Not Fitted
EMT-Serie2-4-C3,L16,2,-0.74375,0.451399923,-0.053217048,-2.123239157,X-WE52880180,9.68E-06,Not Fitted,Not Fitted,Not Fitted
EMT-Serie2-4-C3,E17,2,-0.804583333,0.285433025,-0.030781931,-3.386975712,X-WE52880180,2.90E-06,Not Fitted,Not Fitted,Not Fitted
EMT-Serie2-4-C3,L17,2,-0.784166667,0.367810459,0.132579894,-2.219758438,X-WE52880180,2.90E-06,Not Fitted,Not Fitted,Not Fitted
EMT-Serie2-4-C3,E18,2,-0.82125,0.074592027,-0.053217048,-2.844940138,X-WE52880180,8.71E-07,Not Fitted,Not Fitted,Not Fitted
EMT-Serie2-4-C3,L18,2,-0.775416667,0.369679247,0.020231436,-1.670719137,X-WE52880180,8.71E-07,Not Fitted,Not Fitted,Not Fitted
EMT-Serie2-4-C3,E19,2,-0.775,0.299345272,0.089599058,-1.121071967,X-WE52880180,2.61E-07,Not Fitted,Not Fitted,Not Fitted
EMT-Serie2-4-C3,L19,2,-0.784583333,0.41068094,0.230526507,-0.821867484,X-WE52880180,2.61E-07,Not Fitted,Not Fitted,Not Fitted
EMT-Serie2-4-C3,E20,2,-0.535833333,-0.226508948,0.066239603,-0.646906467,X-WE52880180,7.84E-08,Not Fitted,Not Fitted,Not Fitted
EMT-Serie2-4-C3,L20,2,-0.754583333,0.328850079,0.034778022,-0.476808415,X-WE52880180,7.84E-08,Not Fitted,Not Fitted,Not Fitted
EMT-Serie2-4-C3,E21,2,-0.072083333,-0.344977325,0.085695142,-0.205539551,X-WE52880180,2.35E-08,Not Fitted,Not Fitted,Not Fitted
EMT-Serie2-4-C3,L21,2,-0.729166667,0.060514504,0.186892674,-0.031054259,X-WE52880180,2.35E-08,Not Fitted,Not Fitted,Not Fitted
EMT-Serie2-4-C3,E22,2,-0.14625,-0.334993737,0.529323793,0.005761556,X-WE52880180,7.06E-09,Not Fitted,Not Fitted,Not Fitted
EMT-Serie2-4-C3,L22,2,-0.795833333,0.432667104,0.185036592,-0.653910194,X-WE52880180,7.06E-09,Not Fitted,Not Fitted,Not Fitted
EMT-Serie2-4-C3,E23,2,-0.245833333,-0.216602489,0.74092967,-0.101725824,X-WE52880180,2.12E-09,Not Fitted,Not Fitted,Not Fitted
EMT-Serie2-4-C3,L23,2,-0.625416667,-0.197995801,0.134855019,-0.430689537,X-WE52880180,2.12E-09,Not Fitted,Not Fitted,Not Fitted
EMT-Serie2-4-C3,E24,2,-0.325,-0.072339044,0.74809635,-0.169305177,X-WE52880180,6.35E-10,Not Fitted,Not Fitted,Not Fitted
EMT-Serie2-4-C3,L24,2,-0.679583333,-0.162859984,0.106533673,-0.451727145,X-WE52880180,6.35E-10,Not Fitted,Not Fitted,Not Fitted
EMT-Serie2-4-C1,P15,2,0.264190317,0.34253769,0.379008223,-2.143703301,X-WE60667960,3.23E-05,Not Fitted,Not Fitted,Not Fitted
EMT-Serie2-4-C1,P16,2,-0.01836394,0.230271947,0.525472009,-0.105719332,X-WE60667960,9.68E-06,Not Fitted,Not Fitted,Not Fitted
EMT-Serie2-4-C1,P17,2,-0.048831386,-0.020100988,0.666225158,-0.017280261,X-WE60667960,2.90E-06,Not Fitted,Not Fitted,Not Fitted
EMT-Serie2-4-C1,P18,2,0.052587646,0.058114405,0.679131983,0.134139383,X-WE60667960,8.71E-07,Not Fitted,Not Fitted,Not Fitted
EMT-Serie2-4-C1,P19,2,0.041736227,0.051791099,0.852656284,0.037168863,X-WE60667960,2.61E-07,Not Fitted,Not Fitted,Not Fitted
EMT-Serie2-4-C1,P20,2,0.098497496,0.153052009,0.628997357,-0.025567178,X-WE60667960,7.84E-08,Not Fitted,Not Fitted,Not Fitted
EMT-Serie2-4-C1,P21,2,0.021285476,0.031531415,0.731079905,-0.069311235,X-WE60667960,2.35E-08,Not Fitted,Not Fitted,Not Fitted
EMT-Serie2-4-C1,P22,2,0.162353923,0.190359951,0.705903937,-0.40986279,X-WE60667960,7.06E-09,Not Fitted,Not Fitted,Not Fitted
EMT-Serie2-4-C1,P23,2,-0.183639399,0.101056048,1.000765931,0.035158267,X-WE60667960,2.12E-09,Not Fitted,Not Fitted,Not Fitted
EMT-Serie2-4-C1,P24,2,-0.401085142,0.189947342,0.907058747,0.31531042,X-WE60667960,6.35E-10,Not Fitted,Not Fitted,Not Fitted
EMT-Serie2-4-C2,P15,2,0.147340889,0.393093271,0.394210611,-2.602993919,X-WE60667960,3.23E-05,Not Fitted,Not Fitted,Not Fitted
EMT-Serie2-4-C2,P16,2,0.064952049,0.164451387,0.498246649,0.019554031,X-WE60667960,9.68E-06,Not Fitted,Not Fitted,Not Fitted
EMT-Serie2-4-C2,P17,2,0.211857018,0.276988391,0.435982631,0.044596913,X-WE60667960,2.90E-06,Not Fitted,Not Fitted,Not Fitted
EMT-Serie2-4-C2,P18,2,-0.007846556,0.002912673,0.506942076,0.073943552,X-WE60667960,8.71E-07,Not Fitted,Not Fitted,Not Fitted
EMT-Serie2-4-C2,P19,2,0.013949433,0.134822827,0.711865455,0.140745361,X-WE60667960,2.61E-07,Not Fitted,Not Fitted,Not Fitted
EMT-Serie2-4-C2,P20,2,-0.049258936,0.034746586,0.666136336,-0.177452051,X-WE60667960,7.84E-08,Not Fitted,Not Fitted,Not Fitted
EMT-Serie2-4-C2,P21,2,-0.153007847,-0.033943962,0.785070087,0.272134726,X-WE60667960,2.35E-08,Not Fitted,Not Fitted,Not Fitted
EMT-Serie2-4-C2,P22,2,0.018308631,0.005743446,0.702188395,-0.392203337,X-WE60667960,7.06E-09,Not Fitted,Not Fitted,Not Fitted
EMT-Serie2-4-C2,P23,2,-0.135135135,0.044276805,0.695459628,-0.425198815,X-WE60667960,2.12E-09,Not Fitted,Not Fitted,Not Fitted
EMT-Serie2-4-C2,P24,2,-0.445945946,0.105438479,0.939305235,0.494589116,X-WE60667960,6.35E-10,Not Fitted,Not Fitted,Not Fitted
EMT-Serie2-4-C3,P15,2,0.162916667,0.388904998,0.24659157,-2.358088643,X-WE60667960,3.23E-05,Not Fitted,Not Fitted,Not Fitted
EMT-Serie2-4-C3,P16,2,0.13625,0.112302683,0.438670462,-0.328091551,X-WE60667960,9.68E-06,Not Fitted,Not Fitted,Not Fitted
EMT-Serie2-4-C3,P17,2,0.1825,0.21275038,0.441868816,-0.077807437,X-WE60667960,2.90E-06,Not Fitted,Not Fitted,Not Fitted
EMT-Serie2-4-C3,P18,2,0.121666667,0.020771234,0.464194359,-0.31463911,X-WE60667960,8.71E-07,Not Fitted,Not Fitted,Not Fitted
EMT-Serie2-4-C3,P19,2,0.29875,0.068398497,0.554906918,-0.217829109,X-WE60667960,2.61E-07,Not Fitted,Not Fitted,Not Fitted
EMT-Serie2-4-C3,P20,2,-0.129166667,-0.02535259,0.786954124,0.180801861,X-WE60667960,7.84E-08,Not Fitted,Not Fitted,Not Fitted
EMT-Serie2-4-C3,P21,2,-0.056666667,0.053506188,0.629098353,0.204033089,X-WE60667960,2.35E-08,Not Fitted,Not Fitted,Not Fitted
EMT-Serie2-4-C3,P22,2,-0.064166667,-0.026196372,0.636609301,-0.260380051,X-WE60667960,7.06E-09,Not Fitted,Not Fitted,Not Fitted
EMT-Serie2-4-C3,P23,2,-0.153333333,0.041046637,0.68686491,-0.057615561,X-WE60667960,2.12E-09,Not Fitted,Not Fitted,Not Fitted
EMT-Serie2-4-C3,P24,2,-0.37,0.074561582,0.867742162,0.605333404,X-WE60667960,6.35E-10,Not Fitted,Not Fitted,Not Fitted
EMT-Serie2-4-C1,I15,2,-0.747495826,0.379988458,-0.053290261,-2.006004619,X-XEW670281,3.23E-05,Not Fitted,Not Fitted,Not Fitted
EMT-Serie2-4-C1,I16,2,-0.73706177,0.574112385,0.157639252,-1.350686048,X-XEW670281,9.68E-06,Not Fitted,Not Fitted,Not Fitted
EMT-Serie2-4-C1,I17,2,-0.768781302,0.645958306,0.459224337,-1.023149029,X-XEW670281,2.90E-06,Not Fitted,Not Fitted,Not Fitted
EMT-Serie2-4-C1,I18,2,-0.7721202,0.583965953,0.327003301,-2.213856813,X-XEW670281,8.71E-07,Not Fitted,Not Fitted,Not Fitted
EMT-Serie2-4-C1,I19,2,-0.768781302,0.70268773,0.776394511,-0.539410406,X-XEW670281,2.61E-07,Not Fitted,Not Fitted,Not Fitted
EMT-Serie2-4-C1,I20,2,-0.716611018,0.787305778,0.869606511,-0.405705747,X-XEW670281,7.84E-08,Not Fitted,Not Fitted,Not Fitted
EMT-Serie2-4-C1,I21,2,-0.638146912,0.32693645,0.673635093,0.146148621,X-XEW670281,2.35E-08,Not Fitted,Not Fitted,Not Fitted
EMT-Serie2-4-C1,I22,2,-0.541736227,0.002152492,0.489426948,-0.427550605,X-XEW670281,7.06E-09,Not Fitted,Not Fitted,Not Fitted
EMT-Serie2-4-C1,I23,2,-0.171535893,0.089094713,0.608773221,-0.199701128,X-XEW670281,2.12E-09,Not Fitted,Not Fitted,Not Fitted
EMT-Serie2-4-C1,I24,2,-0.195742905,0.085604847,0.856649811,-0.135389213,X-XEW670281,6.35E-10,Not Fitted,Not Fitted,Not Fitted
EMT-Serie2-4-C2,I15,2,-0.879250218,0.194858744,-0.050937544,-2.879806643,X-XEW670281,3.23E-05,Not Fitted,Not Fitted,Not Fitted
EMT-Serie2-4-C2,I16,2,-0.837401918,0.407308189,0.2339121,-2.249898643,X-XEW670281,9.68E-06,Not Fitted,Not Fitted,Not Fitted
EMT-Serie2-4-C2,I17,2,-0.873147341,0.471267877,0.379255155,-2.31364416,X-XEW670281,2.90E-06,Not Fitted,Not Fitted,Not Fitted
EMT-Serie2-4-C2,I18,2,-0.886224935,0.487857904,0.473366177,-2.292281304,X-XEW670281,8.71E-07,Not Fitted,Not Fitted,Not Fitted
EMT-Serie2-4-C2,I19,2,-0.879686138,0.615287366,1.00675594,-1.928145954,X-XEW670281,2.61E-07,Not Fitted,Not Fitted,Not Fitted
EMT-Serie2-4-C2,I20,2,-0.81255449,0.749465414,0.975330121,-0.437548729,X-XEW670281,7.84E-08,Not Fitted,Not Fitted,Not Fitted
EMT-Serie2-4-C2,I21,2,-0.81211857,0.449655125,0.920773105,-0.044908779,X-XEW670281,2.35E-08,Not Fitted,Not Fitted,Not Fitted
EMT-Serie2-4-C2,I22,2,-0.761551874,0.330994955,0.996464086,-0.166287229,X-XEW670281,7.06E-09,Not Fitted,Not Fitted,Not Fitted
EMT-Serie2-4-C2,I23,2,-0.556669573,-0.059367313,0.739789326,0.003960705,X-XEW670281,2.12E-09,Not Fitted,Not Fitted,Not Fitted
EMT-Serie2-4-C2,I24,2,-0.389712293,0.11941961,0.733305118,-0.185123967,X-XEW670281,6.35E-10,Not Fitted,Not Fitted,Not Fitted
EMT-Serie2-4-C3,I15,2,-0.782916667,0.128075018,-0.053217048,-2.247218331,X-XEW670281,3.23E-05,Not Fitted,Not Fitted,Not Fitted
EMT-Serie2-4-C3,I16,2,-0.745,0.334979819,0.513657784,-1.857308983,X-XEW670281,9.68E-06,Not Fitted,Not Fitted,Not Fitted
EMT-Serie2-4-C3,I17,2,-0.779583333,0.563399599,0.54772543,-2.265243016,X-XEW670281,2.90E-06,Not Fitted,Not Fitted,Not Fitted
EMT-Serie2-4-C3,I18,2,-0.76625,0.598691994,0.463483614,-2.802864921,X-XEW670281,8.71E-07,Not Fitted,Not Fitted,Not Fitted
EMT-Serie2-4-C3,I19,2,-0.764583333,0.516465338,1.031087699,-0.967941433,X-XEW670281,2.61E-07,Not Fitted,Not Fitted,Not Fitted
EMT-Serie2-4-C3,I20,2,-0.728333333,0.695449959,1.2050648,-0.591616672,X-XEW670281,7.84E-08,Not Fitted,Not Fitted,Not Fitted
EMT-Serie2-4-C3,I21,2,-0.630416667,0.467276644,0.727436616,-0.054126913,X-XEW670281,2.35E-08,Not Fitted,Not Fitted,Not Fitted
EMT-Serie2-4-C3,I22,2,-0.670416667,0.326049073,1.207915184,0.446203452,X-XEW670281,7.06E-09,Not Fitted,Not Fitted,Not Fitted
EMT-Serie2-4-C3,I23,2,-0.380833333,-0.050438418,0.68983005,-0.085815472,X-XEW670281,2.12E-09,Not Fitted,Not Fitted,Not Fitted
EMT-Serie2-4-C3,I24,2,-0.04875,0.133988738,0.651812585,-0.156407749,X-XEW670281,6.35E-10,Not Fitted,Not Fitted,Not Fitted
EMT-Serie2-5-C1,A05,2,-0.08900084,-0.255564387,0.134231951,-1.600501603,EC_27082056,3.23E-05,Not Fitted,Not Fitted,Not Fitted
EMT-Serie2-5-C1,A06,2,-0.078925273,-0.028692075,0.770780188,0.687713311,EC_27082056,9.68E-06,Not Fitted,Not Fitted,Not Fitted
EMT-Serie2-5-C1,A07,2,-0.008396306,0.001535495,0.658760886,0.101871962,EC_27082056,2.90E-06,Not Fitted,Not Fitted,Not Fitted
EMT-Serie2-5-C1,A08,2,-0.145256087,-0.079851474,0.639464453,0.403428483,EC_27082056,8.71E-07,Not Fitted,Not Fitted,Not Fitted
EMT-Serie2-5-C1,A09,2,-0.274979009,-0.144056876,0.778863653,0.993717034,EC_27082056,2.61E-07,Not Fitted,Not Fitted,Not Fitted
EMT-Serie2-5-C1,A10,2,-0.281696054,-0.058982435,0.701681166,0.540102389,EC_27082056,7.84E-08,Not Fitted,Not Fitted,Not Fitted
EMT-Serie2-5-C1,A11,2,-0.05247691,0.114725487,0.681914009,0.544342745,EC_27082056,2.35E-08,Not Fitted,Not Fitted,Not Fitted
EMT-Serie2-5-C1,A12,2,-0.185558354,-0.090614212,0.773377285,0.39334471,EC_27082056,7.06E-09,Not Fitted,Not Fitted,Not Fitted
EMT-Serie2-5-C1,A13,2,-0.188497061,0.009930774,0.912718051,0.488002896,EC_27082056,2.12E-09,Not Fitted,Not Fitted,Not Fitted
EMT-Serie2-5-C1,A14,2,-0.19395466,-0.051065214,0.670785447,0.274459613,EC_27082056,6.35E-10,Not Fitted,Not Fitted,Not Fitted
EMT-Serie2-5-C2,A05,2,0.094147583,-0.062714461,0.197016394,-1.134535042,EC_27082056,3.23E-05,Not Fitted,Not Fitted,Not Fitted
EMT-Serie2-5-C2,A06,2,-0.034351145,-0.022261666,0.699215181,0.452541896,EC_27082056,9.68E-06,Not Fitted,Not Fitted,Not Fitted
EMT-Serie2-5-C2,A07,2,-0.11365564,0.03936779,0.725987969,0.43625311,EC_27082056,2.90E-06,Not Fitted,Not Fitted,Not Fitted
EMT-Serie2-5-C2,A08,2,-0.050042409,-0.043661252,0.801180834,0.419541849,EC_27082056,8.71E-07,Not Fitted,Not Fitted,Not Fitted
EMT-Serie2-5-C2,A09,2,-0.213740458,-0.12092241,0.754844345,0.901938694,EC_27082056,2.61E-07,Not Fitted,Not Fitted,Not Fitted
EMT-Serie2-5-C2,A10,2,-0.227311281,-0.035105368,0.838485097,0.53602779,EC_27082056,7.84E-08,Not Fitted,Not Fitted,Not Fitted
EMT-Serie2-5-C2,A11,2,-0.313825276,0.025242962,0.792435769,0.513894757,EC_27082056,2.35E-08,Not Fitted,Not Fitted,Not Fitted
EMT-Serie2-5-C2,A12,2,-0.123409669,-0.015493431,0.771593198,0.426723936,EC_27082056,7.06E-09,Not Fitted,Not Fitted,Not Fitted
EMT-Serie2-5-C2,A13,2,-0.096268024,0.086071009,0.889402811,0.769398676,EC_27082056,2.12E-09,Not Fitted,Not Fitted,Not Fitted
EMT-Serie2-5-C2,A14,2,-0.0971162,0.079579317,0.760754526,0.381213914,EC_27082056,6.35E-10,Not Fitted,Not Fitted,Not Fitted
EMT-Serie2-5-C3,A05,2,-0.096510125,-0.273213903,0.115071224,-1.53832414,EC_27082056,3.23E-05,Not Fitted,Not Fitted,Not Fitted
EMT-Serie2-5-C3,A06,2,-0.036191297,-0.02166031,0.647210926,0.016837405,EC_27082056,9.68E-06,Not Fitted,Not Fitted,Not Fitted
EMT-Serie2-5-C3,A07,2,-0.225333908,-0.010365003,0.963616776,0.693774626,EC_27082056,2.90E-06,Not Fitted,Not Fitted,Not Fitted
EMT-Serie2-5-C3,A08,2,-0.069366652,0.026013785,0.897931299,0.755844497,EC_27082056,8.71E-07,Not Fitted,Not Fitted,Not Fitted
EMT-Serie2-5-C3,A09,2,-0.213700991,-0.077413437,0.704743351,0.840609404,EC_27082056,2.61E-07,Not Fitted,Not Fitted,Not Fitted
EMT-Serie2-5-C3,A10,2,-0.283498492,-0.089296152,1.010447151,0.788048332,EC_27082056,7.84E-08,Not Fitted,Not Fitted,Not Fitted
EMT-Serie2-5-C3,A11,2,-0.176217148,0.118751917,0.810313178,0.776385605,EC_27082056,2.35E-08,Not Fitted,Not Fitted,Not Fitted
EMT-Serie2-5-C3,A12,2,-0.030590263,0.044783353,0.771827029,0.499868663,EC_27082056,7.06E-09,Not Fitted,Not Fitted,Not Fitted
EMT-Serie2-5-C3,A13,2,-0.267557087,-0.070306668,0.728359085,0.405227213,EC_27082056,2.12E-09,Not Fitted,Not Fitted,Not Fitted
EMT-Serie2-5-C3,A14,2,-0.176217148,-0.05872489,1.048460985,1.075518781,EC_27082056,6.35E-10,Not Fitted,Not Fitted,Not Fitted

